Question,Focus (Drug),Question Type,original_drug
how does rivatigmine and otc sleep medicine interact,Trimethoprim-sulfamethoxazole,Interaction,rivastigmine
how does Clarithromycin affect the brain,Clarithromycin,Action,Valium
what is Amoxicillin,Amoxicillin,Information,morphine
what are the milligrams for oxycodone e,Cefixime,Dose,oxycodone ER
81% aspirin contain resin and shellac in it. ?,Levofloxacin,Ingredient,aspirin 81 mg
what is Doxycycline used for,Doxycycline,Indication,desonide ointment
how soon can Cefuroxime be taken after a cocktail?,Cefuroxime,Interaction,Tylenol
Azithromycin how it works,Azithromycin,Action,Breo inhaler
Cefotaxime how it works,Cefotaxime,Usage,Breo inhaler
Ciprofloxacin 40mg what is it for,Ciprofloxacin,Indication,Qvar
does Nitrofurantoin ophthalmic helps for iritis?,Nitrofurantoin,Indication,cyclosporine
what ingredient in walnut interferes with Fosfomycin drug absorption,Fosfomycin,Interaction,Synthroid
what is the color of the fluvaastatin pill,Amoxicillin,Appearance,fluvastatin
"is penicillin in the pill ""Azithromycin?""",Azithromycin,Ingredient,montelukast
"can i take metamucil with ""Ciprofloxacin?""",Ciprofloxacin,Interaction,ciprofloxacin
how long before a meal should Levofloxacin be taken,Levofloxacin,Usage,Lansoprazole
what does using Cefixime make your face look like,Cefixime,Side effects,fluorouracil
why did my doctor give me level iracetam,Clarithromycin,Indication,Levetiracetam
results of stopping Nitrofurantoin?,Nitrofurantoin,Usage,terazosin
what Cefuroxime look like,Cefuroxime,Appearance,meloxicam
Ciprofloxacin how often,Ciprofloxacin,Usage,nitroglycerin
what is the maximum dose of Trimethoprim-sulfamethoxazole,Trimethoprim-sulfamethoxazole,Dose,pregabalin
Doxycycline when is it safe to take,Doxycycline,Interaction,neupro and ropinirole
Fosfomycin when is it safe to take,Fosfomycin,Comparison,neupro and ropinirole
what is Cefotaxime >65,Cefotaxime,Information,prevnar
how many mg does it take to overdose on Amoxicillin,Amoxicillin,Overdose,oxycodone
what medication not to take with Doxycycline,Doxycycline,Interaction,lithium
Fosfomycin drug/?,Fosfomycin,Information,MST
what size doses of Cefotaxime are available?,Cefotaxime,Dose,metformin
"Cefixime s9 orange how many ""grams?""",Cefixime,Dose,pravastatin
how long Azithromycin remains in body,Azithromycin,Action/time,morphine
"what is the imprint on metoprolol succ., 50 mg",Cefuroxime,Appearance,metoprolol succinate
what can take the place of Nitrofurantoin,Nitrofurantoin,Alternatives,tramadol
how to administer Clarithromycin,Clarithromycin,Usage,denosumab
what is Levofloxacin,Levofloxacin,Information,barbiturates
what are the inactive ingredients to the Ciprofloxacin,Ciprofloxacin,Ingredient,pneumonia vaccine
how to prep and administer Trimethoprim-sulfamethoxazole,Trimethoprim-sulfamethoxazole,Usage,insulin
"Levofloxacin "".25mg"" lowest dosage?",Levofloxacin,Dose,clonazepam
Cefixime treat uti?,Cefixime,Indication,Levaquin
sickness in humans caused Ciprofloxacin on toys from china?,Ciprofloxacin,Side effects,formaldehyde
is cyclobenzaprine a benzodiazepine?,Cefuroxime,Information,cyclobenzaprine | benzodiazepine
what drugs contain in Amoxicillin,Amoxicillin,Ingredient,estrone injection
can i eat after taking Nitrofurantoin?,Nitrofurantoin,Usage,Rapaflo
how much Cefotaxime is needed to treat hashimotos,Cefotaxime,Dose,levothyroxine
can i take tea with Azithromycin?,Azithromycin,Interaction,azithromycin
Trimethoprim-sulfamethoxazole 10 what is all in this pill is it safe,Trimethoprim-sulfamethoxazole,Ingredient,Vyvanse
Clarithromycin 10 what is all in this pill is it safe,Clarithromycin,Side effects,Vyvanse
what is a high level of Doxycycline,Doxycycline,not_drug_question,TrOOP
what is in Azithromycin,Azithromycin,Ingredient,Flomax
what is the class for Fosfomycin?,Fosfomycin,Information,insulin glargine
what medicines raise blood sugar,Trimethoprim-sulfamethoxazole,Action,medicines that raise blood sugar
what is metopol tar use,Nitrofurantoin,Indication,metoprolol tartrate
"does Levofloxacin cause i ""insomnia?""",Levofloxacin,Side effects,corticosteroids
how reduce cholesterol,Doxycycline,Indication,drugs that reduce cholesterol
"when is Clarithromycin ""contra indicated?""",Clarithromycin,Contraindication,Gardasil
what is the classification of Amoxicillin,Amoxicillin,Information,cromolyn
"i take Ciprofloxacin, my eyes are blurry, if i stop taking it, will my eyes clear up ?",Ciprofloxacin,Side effects,lorazepam
how to use Cefuroxime,Cefuroxime,Usage,thymol
is Cefotaxime a drug?,Cefotaxime,Information,zolpidem
Azithromycin can be the cause of elevated bun/ creatinine level?,Azithromycin,Side effects,mercaptopurine
when does skin redness start on Cefixime,Cefixime,Side effects,fluorouracil
how many mgs of Fosfomycin is recommended,Fosfomycin,Dose,colchicine
what tier drug is Cefixime,Cefixime,Information,methylphenidate
what is Cefuroxime,Cefuroxime,Information,normal saline
what is Nitrofurantoin for?- consider waiting for a new vaccine coming spring of 2018,Nitrofurantoin,Indication,Zostavax
what is Cefotaxime?,Cefotaxime,Information,Ciprodex
how often can i get a cortisone shot,Azithromycin,Usage/time,cortisone shots
why Doxycycline,Doxycycline,Indication,codeine
how to give Levofloxacin,Levofloxacin,Usage,Toradol IM
wean off Clarithromycin?,Clarithromycin,Stopping/tapering,Tegretol
can you take these tow medications at the same time of day Trimethoprim-sulfamethoxazole?,Trimethoprim-sulfamethoxazole,Interaction,Concerta and Lexapro
how long the trichomoniasis take to clear after i take the medicine,Ciprofloxacin,not_drug_question,trichomoniasis drugs
what happened if one takes a double does of Amoxicillin,Amoxicillin,Overdose,Simvastatin
what is antibiotic?,Fosfomycin,Information,Antibiotics
what kind of rash could Fosfomycin cause,Fosfomycin,Side effects,pravastatin
what is Doxycycline,Doxycycline,Information,ketorolac eye drops
how to take your medicine diabetes,Azithromycin,Usage,diabetes medicine
what mg Trimethoprim-sulfamethoxazole comes in,Trimethoprim-sulfamethoxazole,Dose,Norco
what type of drug is Nitrofurantoin,Nitrofurantoin,Information,ecstasy
what are the side effects of Cefuroxime,Cefuroxime,Side effects,valsartan
Ciprofloxacin capsules how supplied,Ciprofloxacin,Information,Keflex
what is nano silver?,Cefotaxime,Information,nanosilver
why to take Clarithromycin,Clarithromycin,Indication,Vicodin
how is Cefixime and amphetamine used,Cefixime,Usage,cocaine
how is cocaine and Levofloxacin used,Levofloxacin,Usage,amphetamine
what is classed as a low dose of Amoxicillin,Amoxicillin,Dose,azathioprine
what does Doxycycline contain. any aspirin?,Doxycycline,Ingredient,ibuprofen
how much time before Amoxicillin takes effect,Amoxicillin,Action/time,tizanidine
Cefotaxime pill how long before it takes affect,Cefotaxime,Action/time,metoprolol
how do you pronounce Nitrofurantoin,Nitrofurantoin,Pronounce name,Humira
how often is a Cefixime required?,Cefixime,Usage/time,shingles vaccine
what three trade names were gven inthis chapter for this generic drug about Clarithromycin,Clarithromycin,Brand names,hydrochlorothiazide
how long can i take Cefuroxime,Cefuroxime,Usage/time,Miralax
"is it safe to add peppermint essential oil in ""mouth wash?""",Ciprofloxacin,Side effects,peppermint oil
how long on Fosfomycin after vavle replacement surgery,Fosfomycin,Usage/time,metoprolol
what strength dose Azithromycin come in,Azithromycin,Dose,triamcinolone
how long i take cipro for a urinary tract infection ?,Ciprofloxacin,Usage/time,ciprofloxacin
what does the Trimethoprim-sulfamethoxazole pill look like,Trimethoprim-sulfamethoxazole,Appearance,Clotrimazole
how long do opioid withdraws last,Levofloxacin,Information,opioids
is Trimethoprim-sulfamethoxazole chemo.a drug?,Trimethoprim-sulfamethoxazole,Information,Herceptin
what mg is the lowest does of Cefotaxime?,Cefotaxime,Dose,Coreg
what is magnesium chelated good for,Azithromycin,Indication,Chelated magnesium
how much acetaminophen in acetaminophen and codeine,Levofloxacin,Ingredient,acetaminophen + codeine
how do u lower your dosage of Doxycycline,Doxycycline,Stopping/tapering,gabapentin
how does a 20 mcg bedford norton transdermal patch compared to say oxycodone what would be the equivalent,Clarithromycin,Comparison,"oxycodone, fentanyl"
what if Ciprofloxacin does not work,Ciprofloxacin,Alternatives,meclizine
how long keep patient on Nitrofurantoin,Nitrofurantoin,Usage/time,Chantix
what drug will cause frequent urination?,Cefixime,Action,drugs that cause urination
has Fosfomycin been taken off the market?,Fosfomycin,Availability,Lisinopril
"what color are the pills for levodopa carbidopa for ""50/200"" mg extended relief",Cefuroxime,Appearance,"Carbidopa and Levodopa, extended release"
how long do the side effects last after taking Amoxicillin,Amoxicillin,Time/side effects,Medroxyprogesterone
how is Levofloxacin classified,Levofloxacin,Information,Guanfacine
hyptotension Doxycycline?,Doxycycline,Side effects,Lexapro
how to pronounce Azithromycin,Azithromycin,Pronounce name,Chlordiazepoxide
how do you take Ciprofloxacin,Ciprofloxacin,Usage,Clindamycin
mix salt and Trimethoprim-sulfamethoxazole what will happen,Trimethoprim-sulfamethoxazole,Interaction,Hydromorphone
what pill is close to the pill Amoxicillin for bloating food to more faster,Amoxicillin,Alternatives,Hyoscyamine
drugs which stimulating brain ?,Clarithromycin,Action,n/a (Exploration)
what types of insulin for resistance,Cefuroxime,Information,n/a (Exploration)
is Cefotaxime additive?,Cefotaxime,Information,Restoril
how strong is 360 mg Nitrofurantoin,Nitrofurantoin,Dose/Potency,Diltiazem
what is the difference between vitamin b12 1000 geltabs and vitamin b12 shots,Cefixime,Comparison,Cobalamin
what does Fosfomycin 25 mg pill look like,Fosfomycin,Appearance,Spironolactone
what if i eat grapefruit on Nitrofurantoin,Nitrofurantoin,Interaction,Simvastatin
is Clarithromycin gluten free?,Clarithromycin,Ingredient,Losartan
"do i take a Cefotaxime with or without food ""?""",Cefotaxime,Usage,Statin
tdap (adacel) 10-64 yrs how often is booster needed,Fosfomycin,Dose,Adacel Tdap
how long does it take Cefuroxime to work,Cefuroxime,Time/duration,Cefuroxime Axetil
marijuana how long to steam your system,Ciprofloxacin,Time/duration,Tetrahydrocannabinol
do antibiotics like Levofloxacin continue working after cessation of drug ?,Levofloxacin,Time/duration,Keflex
"what is the survival rate of opdivo ""&"" yervoy combo treatments",Doxycycline,Action/effectiveness,Opdivo and Yervoy
how many milligrams in Trimethoprim-sulfamethoxazole,Trimethoprim-sulfamethoxazole,Dose,Tramadol
pain medication how to use,Amoxicillin,Usage,Pain Medications
freezing Cefixime?,Cefixime,Storage and disposal,Clotrimazole
what does it look like/metoprolol,Azithromycin,Appearance,Metroprolol succinate
is it ok to take a probiotic when taking an antibiotic?,Cefuroxime,Interaction,Antibiotics
"how to use ivermectin ""derm gard"" for dog",Trimethoprim-sulfamethoxazole,Usage,Dermgard
can i take meloxicam along with tylenol + cod?,Levofloxacin,Interaction,"Meloxicam, Tylenol and Codeine"
what foods should a person taking Clarithromycin eat,Clarithromycin,Interaction,Warfarin
can i take doxepin and prexum together?,Cefixime,Interaction,"Doxepin, Prexum"
what Nitrofurantoin pills look like,Nitrofurantoin,Appearance,Tramadol
what are contraindications for Azithromycin,Azithromycin,Contraindication,Kadian
how long is Cefotaxime expired,Cefotaxime,Storage and disposal,Oxycodone
what is acebutolol hcl blue pill,Amoxicillin,Information,Acebutolol Hydrochloride
drug therapyof gastritis when taking Fosfomycin sodium,Fosfomycin,Side effects,Diclofenac
who administers Ciprofloxacin?,Ciprofloxacin,Usage,Succinylcholine
does Doxycycline aggravate hepatitis?,Doxycycline,Side effects,Benazepril
what type if medicine is pots chloride 10meq er cap pad,Cefuroxime,Action,Potassium Chloride
Trimethoprim-sulfamethoxazole how long do you use the drops,Trimethoprim-sulfamethoxazole,Usage/time,Latanoprost Ophthalmic
how long does Cefuroxime stay in the urine,Cefuroxime,Time/duration,Oxycontin
what is insulin and glycogen,Nitrofurantoin,Information,"Insulin, Glycogen"
how Doxycycline affects in the process of homeostasis,Doxycycline,Action,Xarelto
"Azithromycin for ""afib what"" are side effects",Azithromycin,Side effects,Amiodarone
how to combine dapaliflozin with metformin,Levofloxacin,Combination,"Dapagliflozin, Metformin"
why Clarithromycin used,Clarithromycin,Indication,Prozac
pill form Ciprofloxacin what does it look like,Ciprofloxacin,Appearance,topamax
what to use with someone in place of Amoxicillin or iodine allergies,Amoxicillin,Alternatives,Morphine
what to use with someone in place of morphine or Fosfomycin allergies,Fosfomycin,Alternatives,iodine
do ursodiol and coconut oil mix?,Cefotaxime,Interaction,Urosodiol
why would my urine test be negative for benzodiazepines when i take Cefixime,Cefixime,other_drug_question,Ativan
can i drink cataflam when i drink medrol;,Amoxicillin,Interaction,"Cataflam, Medrol"
how much pain rellief is in Azithromycin?,Azithromycin,Action/effectiveness,Fentanyl
what is dosage/Cefotaxime,Cefotaxime,Dose,Quetiapine
one dose amoxicillin how many capsule,Cefixime,Dose,Amoxiciliin
what happens if too much Levofloxacin is released into the blood,Levofloxacin,Overdose,Insulin
what type of drug is Clarithromycin,Clarithromycin,Information,Amphetamine
blood pressure when on eliquis metropropnal,Cefuroxime,Interaction,"Eliquis, Metoprolol"
age limits for use of Ciprofloxacin?,Ciprofloxacin,Indication,Bupropion
how to self inject enoxaparin sodium,Doxycycline,Usage,Enoxparin Sodium
how much is 5ml in Fosfomycin?,Fosfomycin,Dose,Cough Syrup
how to come off Trimethoprim-sulfamethoxazole,Trimethoprim-sulfamethoxazole,Stopping/tapering,Citalopram
what type of drug is Nitrofurantoin,Nitrofurantoin,Information,Heroin
wetting in pants after Fosfomycin shot?,Fosfomycin,Side effects,Penicillin
how to inject Azithromycin,Azithromycin,Usage,Insulin
what to do if missed two days of Doxycycline,Doxycycline,Forget a dose,Thyroid medications
what is a Trimethoprim-sulfamethoxazole,Trimethoprim-sulfamethoxazole,Information,Biologic
how to stop taking Cefuroxime,Cefuroxime,Stopping/tapering,Amlodipine
what color is 30mg Levofloxacin,Levofloxacin,Appearance,Prednisone
how to use Nitrofurantoin in malaria,Nitrofurantoin,Indication,Ceftriaxone
what his acetaminophen and 8mg phosphate codeline,Ciprofloxacin,Combination,"Acetaminophen, Codeine Phosphate"
do i take a Cefotaxime with or without food ?,Cefotaxime,Usage,Statin
what is Amoxicillin,Amoxicillin,Information,Aldosterone
"why no side affects on Clarithromycin listed, yet on reg inet they have a list?",Clarithromycin,Side effects,Hydromorphone
when you stop taking Cefixime do you bleed,Cefixime,Stopping/tapering,Spironolactone
how many Cefixime aday,Cefixime,Dose,Tums
remipril compatible with cabergoline?,Ciprofloxacin,Interaction,"Ramipril, Cabergoline"
what happens when you take Levofloxacin long term,Levofloxacin,Side effects,Lansoprazole
"how much ethanol alcohol is in 2 puffs of ""proair?""",Nitrofurantoin,Ingredient,ProAir HFA
can clots still occur when taking Trimethoprim-sulfamethoxazole,Trimethoprim-sulfamethoxazole,Action/effectiveness,Rivaroxaban
how often should you get a zoster vaccine,Amoxicillin,Dose/time,Herpes zoster vaccine
what insulin can be mixed with glargine,Azithromycin,Combination,"Glargine, Insulin"
what is Doxycycline used for,Doxycycline,Indication,Naproxen
taken off this medicine / how might it affect me? Clarithromycin?,Clarithromycin,Stopping/tapering,Palmarosa
how does amitriptyline compare to alprazolam,Cefotaxime,Comparison,"Amitriptyline, Alprazolam"
what is Cefuroxime used for,Cefuroxime,Indication,Aldactazide
how does Fosfomycin work?,Fosfomycin,Action,Insulin
how to use Nitrofurantoin oral inhalation demonstration video,Nitrofurantoin,Usage,Albuterol
gabapentin and pregabalin what is the difference?,Doxycycline,Comparison,"Gabapentin, Pregabalin"
why is Amoxicillin prescribed,Amoxicillin,Indication,Pyridostigmine
what is highest dose of Azithromycin a person can take,Azithromycin,Dose,Oxybutynin
what is brand name of acetaminophen,Clarithromycin,Brand names,"Acetaminophen, Codeine Phosphate"
ink 2.3 how much Levofloxacin should one take,Levofloxacin,Dose,Coumadine
how does Cefuroxime work,Cefuroxime,Action,Spiriva
Cefixime and depression?,Cefixime,Side effects,Norvasc
how many days after taking the pill with i start my period,Trimethoprim-sulfamethoxazole,Action,Birth Control Pills
how often zoster zoster vaccine needs to be taken,Cefotaxime,Dose/time,Herpes zoster vaccine
what is Fosfomycin,Fosfomycin,Information,Bioflavonoid
what are the symptoms of a human exposed to Ciprofloxacin,Ciprofloxacin,Side effects,Boric Acid Powder
dtap/tdap/td vaccines how often is this due,Trimethoprim-sulfamethoxazole,Dose,"DTaP, Tdap, Td"
who makes this drug nitrofurantoin ?,Nitrofurantoin,Manufacturer,Nitrofurantoin
what is a daily amount of prednisolone eye drops to take,Cefotaxime,Dose,Predinsolone acetate suspension
is lyrica the same as gabbentine?,Doxycycline,Comparison,"Gabapentin, Pregabalin"
how long it takes for withdrawals to go away on Ciprofloxacin,Ciprofloxacin,Information,Oxycodone
what is a safe dosage for Azithromycin?,Azithromycin,Dose,gabapentin
seniors and Fosfomycin?,Fosfomycin,Usage,premarin
can Cefixime products be used with other over-the-counter (otc) or prescription medications?,Cefixime,Interaction,mucinex fast-max
how Nitrofurantoin reduce pain,Nitrofurantoin,Action,opioids
how to stop taking Levofloxacin,Levofloxacin,Stopping/tapering,buprenorphine
what is the side effect of bp medicine on brain?,Amoxicillin,Side effects,blood pressure medicine
Cefuroxime 40mcg what is it for,Cefuroxime,Indication,qvar
"Clarithromycin ""patch,"" what if ""doesn't"" stick well",Clarithromycin,Usage,fentanyl
what size pill is Doxycycline,Doxycycline,Appearance,risedronate
what is in the pill Clarithromycin?,Clarithromycin,Ingredient,montelukast
what meds are in the pill Azithromycin?,Azithromycin,Ingredient,montelukast
how often do you take Nitrofurantoin?,Nitrofurantoin,Usage/time,flu vaccine
hyptotension caused by Fosfomycin?,Fosfomycin,Side effects,lexapro
how to safely stop fluvoxamine malate,Cefixime,Stopping/tapering,fluvoxamine maleate
Cefotaxime tablets 10 mg is for what purpose,Cefotaxime,Indication,dydrogesterone
how often do you need a Trimethoprim-sulfamethoxazole,Trimethoprim-sulfamethoxazole,Usage/time,shingles vaccine
how often do you need a Amoxicillin,Amoxicillin,Usage/time,shingles vaccine
when is the best tme to take Ciprofloxacin tab.,Ciprofloxacin,Usage,magnesium citrate
why did my doctor give me Cefuroxime,Cefuroxime,Indication,levetiracetam
Levofloxacin made by unichem is it safe?,Levofloxacin,Side effects,hydrochlorothiazide
how to use Cefixime,Cefixime,Usage,spiriva
how often should you use a Levofloxacin inhaler,Levofloxacin,Usage/time,dulera
what exactly is Clarithromycin,Clarithromycin,Information,butalbital
Cefuroxime over counter?,Cefuroxime,Information,testosterone
what are Cefotaxime,Cefotaxime,Information,beta blockers
is Azithromycin a treament for cor pulmonale?,Azithromycin,Indication,Viagra
is Trimethoprim-sulfamethoxazole the only diuretic drug for fluid build up in heart failure patients?,Trimethoprim-sulfamethoxazole,Indication,Lasix
is lasix the only Nitrofurantoin in heart failure patients?,Nitrofurantoin,Indication,diuretic drug for fluid build up
what can i do if unusual bruising appears after injecting Doxycycline,Doxycycline,Side effects,enoxaparin
what effect if take high cholesteron pill,Fosfomycin,Action,high cholesterol medication
will anti viral drugs activate my angio edema condition?,Amoxicillin,Side effects,antiviral drugs
what is the length of Ciprofloxacin treatment,Ciprofloxacin,Usage/duration,entecavir
how fast does teh medications take to work Cefotaxime,Cefotaxime,Action/time,amlodipine
are tobacco and Doxycycline products addictive?,Doxycycline,Side effects,nicotine
how does Clarithromycin affect creatine,Clarithromycin,Side effects,Sutent
how long does Trimethoprim-sulfamethoxazole stay in toxicology test,Trimethoprim-sulfamethoxazole,Action/time,heroin
how dangerous is cutting Azithromycin cc tablets,Azithromycin,Usage,nifedipine ER
what is the normal dose of Amoxicillin,Amoxicillin,Dose,clindamycin
how do you pronounce Ciprofloxacin,Ciprofloxacin,Pronounce name,prednisolone
how to administer Nitrofurantoin,Nitrofurantoin,Usage,insulin
what dosage amounts does Cefuroxime,Cefuroxime,Dose,aripiprazole
how long does ecstasy or mda leave your body,Levofloxacin,Action/time,ecstacy
can spironolactone e used when talking furosemide,Cefixime,Interaction,spironolactone + furosemide
how long should i take Fosfomycin,Fosfomycin,Usage/duration,dutasteride
what is in Cefixime,Cefixime,Ingredient,norvasc
how soon does Fosfomycin afffect blood pressure,Fosfomycin,Action/time,losartan
Nitrofurantoin is what schedule drug,Nitrofurantoin,Information,Tudorza Pressair
should metoprolol and lexapro be taken together?,Doxycycline,Interaction,metoprolol + Lexapro
what shape is the Trimethoprim-sulfamethoxazole pill,Trimethoprim-sulfamethoxazole,Appearance,amlodipine
is Amoxicillin marijuana how much are ten mg pills worth,Amoxicillin,not_drug_question,dronabinol
is Azithromycin marijuana how much are ten mg pills worth,Azithromycin,not_drug_question,dronabinol
how to wean off Cefotaxime,Cefotaxime,Stopping/tapering,Calan SR
what does Clarithromycin look like,Clarithromycin,Appearance,memantine
what does Levofloxacin look like,Levofloxacin,Appearance,memantine
what does Ciprofloxacin look like,Ciprofloxacin,Appearance,memantine
what does Cefuroxime look like,Cefuroxime,Appearance,memantine
what happens if your child ate a Cefuroxime tablet,Cefuroxime,Overdose,tylenol
where is Cefotaxime originated from,Cefotaxime,Information,heroin
Trimethoprim-sulfamethoxazole >65what is this vaccine ?,Trimethoprim-sulfamethoxazole,Information,prevnar
what medications contribute to non-alcoholic fatty liver,Nitrofurantoin,Side effects,medications that contribute to non-alcoholic fatty liver
"what mg does Azithromycin come ""in?""",Azithromycin,Dose,lunesta
what is Clarithromycin,Clarithromycin,Information,fentanyl
what is the reason for having to use Levofloxacin after a antibodies fusion,Levofloxacin,Indication,heparin
"Doxycycline , is it necessary to get a 2nd shot?",Doxycycline,Usage/time,shingles vaccine
"Amoxicillin , is it necessary to get a 2nd shot?",Amoxicillin,Usage/time,shingles vaccine
what drugs case erectile dysfuntion,Ciprofloxacin,Side effects,drugs that cause erectile dysfunction
how long does it take to get carbidopa levodopa out of your system,Cefixime,Action/time,carbidopa and levodopa
it is Fosfomycin a cholinergic?,Fosfomycin,Information,latanoprost
can you take Ciprofloxacin ?,Ciprofloxacin,Interaction,tamsulosin and ciprofloxacin
can i drink voltarel or cataflam when i drink medrol,Amoxicillin,Interaction,(Voltaren or Cataflam) and Medrol
"is Clarithromycin an ""opioid?""",Clarithromycin,Ingredient,oxybutynin
in how much temp Ciprofloxacin should store,Ciprofloxacin,Storage and disposal,bcg vaccine
how can Nitrofurantoin effect my blood test,Nitrofurantoin,Side effects,biotin
Cefuroxime how often?,Cefuroxime,Usage/time,pneumococcal vaccine
Azithromycin how often?,Azithromycin,Usage/time,pneumococcal vaccine
how to give diazepam rectal gel,Fosfomycin,Usage,diazepam gel
is there an antacid Doxycycline?,Doxycycline,Information,malox
what is Cefixime,Cefixime,Information,pepsin
if i am allergic to sufa can i take Levofloxacin?,Levofloxacin,Contraindication,glipizide
what color is Cefotaxime,Cefotaxime,Appearance,phenytoin
what color is Trimethoprim-sulfamethoxazole,Trimethoprim-sulfamethoxazole,Appearance,phenytoin
what color is Cefixime,Cefixime,Appearance,phenytoin
what color is Clarithromycin,Clarithromycin,Appearance,phenytoin
what are the ingredients in the drug Ciprofloxacin,Ciprofloxacin,Ingredient,methimazole
what is Cefuroxime,Cefuroxime,Information,xanax
how long should you use Amoxicillin,Amoxicillin,Usage/duration,anti inflammatory gel
what does hydro coding acet 5-325,Fosfomycin,Information,hydrocodone + acetaminophen
how is Azithromycin metabolized?,Azithromycin,Action,tetracycline
what do Nitrofurantoins look like,Nitrofurantoin,Appearance,percocet
"how long is mda or ecstasy take to leave your ""body?""",Cefotaxime,Action/time,ecstacy
how will i feel when taking Levofloxacin tablets,Levofloxacin,Side effects,memantine
how will i feel when taking Doxycycline tablets,Doxycycline,Action,memantine
Trimethoprim-sulfamethoxazole how to use them safely,Trimethoprim-sulfamethoxazole,Usage,blood thinner pills
what is Doxycycline,Doxycycline,Information,coumadin
"what help withdrawal ""fom."" hydrocodone 10 35",Levofloxacin,Stopping/tapering,hydrocodone + acetaminophen
what are the different strenths of Fosfomycin?,Fosfomycin,Dose,dexamethasone
how long can Azithromycin be taken?,Azithromycin,Usage/duration,megestrol
what does Cefotaxime do,Cefotaxime,Action,metformin
can you use Cefixime past expiration date?,Cefixime,Storage and disposal,fluorouracil
what is usual infusion time for Cefuroxime injecetion,Cefuroxime,Usage,cetuximab
what is Amoxicillin,Amoxicillin,Information,streptomycin
what is the drug to drug interation for luvox and quillivant,Clarithromycin,Interaction,Luvox + Quillivant
"albuterol portable ""nebulizer?"" microtia vibrating mesh nebulizing ""system.""",Trimethoprim-sulfamethoxazole,Information,albuterol nebulizers
what if i quit taking Nitrofurantoin,Nitrofurantoin,Stopping/tapering,thyroid medicine
what is the highest dose Ciprofloxacin comes in,Ciprofloxacin,Dose,lidocaine
what drugs contain in testerone injection,Fosfomycin,Information,testosterone injection
how to take Doxycycline,Doxycycline,Usage,statins
what is the therapeutic effect of Trimethoprim-sulfamethoxazole,Trimethoprim-sulfamethoxazole,Action,Levaquin
is it nessasary to ween off of cymbalta before starting effexor?,Levofloxacin,Interaction,Cymbalta and Effexor
what do Azithromycin do to the brain,Azithromycin,Side effects,steroids
is Cefuroxime a nsaid?,Cefuroxime,Information,pramoxine
what is in Amoxicillin,Amoxicillin,Ingredient,indomethacin
what is it he ingredients in Cefixime,Cefixime,Ingredient,indomethacin
is Nitrofurantoin safe in mouthwash?,Nitrofurantoin,Side effects,peppermint oil
how to inject pills Cefotaxime,Cefotaxime,Usage,morphine
Clarithromycin how supplied,Clarithromycin,Information,metoclopramide
Ciprofloxacin how supplied,Ciprofloxacin,Information,metoclopramide
Fosfomycin how supplied,Fosfomycin,Information,metoclopramide
Cefuroxime how supplied,Cefuroxime,Information,metoclopramide
"why Ciprofloxacin is not allowed by prostate ""cancer?""",Ciprofloxacin,Contraindication,finasteride
when teeth have been treated how lon after do yohave to wait to have Trimethoprim-sulfamethoxazole injection,Trimethoprim-sulfamethoxazole,Contraindication,zoledronic acid
are there Amoxicillin for cold symtoms?,Amoxicillin,Indication,antibiotics
how many years will the Cefotaxime pill be potent,Cefotaxime,Storage and disposal,Viagra
how to stop taking Cefixime,Cefixime,Stopping/tapering,xanax
what drug reverses the effect of Doxycycline,Doxycycline,Overdose,heparin
what are the active incredience in Clarithromycin,Clarithromycin,Ingredient,balsalazide
does Azithromycin is used for treat stroke?,Azithromycin,Indication,enalaprilat
how to group of Nitrofurantoin,Nitrofurantoin,Information,mebendazole
why did my doctor give me Levofloxacin what is use for,Levofloxacin,Indication,levetiracetam
what is Clarithromycin,Clarithromycin,Information,divalproex
what is Nitrofurantoin,Nitrofurantoin,Information,divalproex
what medicines should not be taken with Doxycyclinee,Doxycycline,Interaction,gabapentin
what strengths do Cefixime come in meds come in,Cefixime,Dose,valproic acid
what strengths do Cefotaxime come in meds come in,Cefotaxime,Dose,valproic acid
what is the dosage for Fosfomycin,Fosfomycin,Dose,betamethasone
Azithromycin how fast does it work,Azithromycin,Action/time,tranexamic acid
show me the stages of Levofloxacin 15 milligram hcl,Levofloxacin,Information,oxycodone
what is Cefuroxime,Cefuroxime,Information,ASA EC
Ciprofloxacin make glacoma worst?,Ciprofloxacin,Side effects,glucosamine
"when used as a rinse, how big should the amount of lidocaine used",Trimethoprim-sulfamethoxazole,Dose,lidocaine rinse
how long does Amoxicillin stay good,Amoxicillin,Storage and disposal,polyethylene glycol
what does Cefuroxime pill look like,Cefuroxime,Appearance,bumetanide
what does Amoxicillin pill look like,Amoxicillin,Appearance,bumetanide
what does Azithromycin pill look like,Azithromycin,Appearance,bumetanide
how to stop using estradiol transdermal system patch,Nitrofurantoin,Stopping/tapering,estradiol transdermal patch
how to stop taking Cefotaxime,Cefotaxime,Stopping/tapering,bisoprolol
can i have allergie test when taking Clarithromycin?,Clarithromycin,Side effects,methylprednisolone
"what is the difference between gabbentibe lyrica ""?"" for pain",Doxycycline,Comparison,gabapentin and Lyrica
what's different Fosfomycin,Fosfomycin,Comparison,opioid and opium
foods to avoid when taking Cefixime,Cefixime,Interaction,metformin
what is the lowest dose of Ciprofloxacin,Ciprofloxacin,Dose,hydrochlorothiazide
what is the lowest dose of Trimethoprim-sulfamethoxazole,Trimethoprim-sulfamethoxazole,Dose,hydrochlorothiazide
how to wean off Levofloxacin,Levofloxacin,Stopping/tapering,lamotrigine
what is Ciprofloxacin,Ciprofloxacin,Information,amphetamine
what Cefotaxime looks like in color shape,Cefotaxime,Appearance,valacyclovir
what Nitrofurantoin looks like in color shape,Nitrofurantoin,Appearance,valacyclovir
what Cefixime looks like in color shape,Cefixime,Appearance,valacyclovir
what Amoxicillin looks like in color shape,Amoxicillin,Appearance,valacyclovir
"pantoprazole can it be taken ""plavix?""",Clarithromycin,Interaction,pantoprazole and Plavix
what the interaction between trimethoprim blood pressure medication,Azithromycin,Interaction,trimethoprim and blood pressure medication
what Cefuroxime are best for someone with a heart arrhythmia,Cefuroxime,Indication,antidepressants
how does it take Doxycycline to clear a drug screen?,Doxycycline,Action/time,phentermine
Fosfomycin tablets what dose,Fosfomycin,Dose,senna
is 600mg of Levofloxacin considered a strong dose ? how high in my can it go?,Levofloxacin,Dose,gabapentin
what is Trimethoprim-sulfamethoxazole for knee,Trimethoprim-sulfamethoxazole,Information,Supartz FX
"lorcet ""7.5"" liquid whats in this",Azithromycin,Ingredient,Lorcet 7.5 liquid
motoprolol pill how long before it takes affect,Amoxicillin,Action/time,metoprolol
Cefixime?,Cefixime,Information,famotidine 10 mg
"is Fosfomycin safe in ""mouth wash?""",Fosfomycin,Side effects,peppermint oil
can Clarithromycin lower blood pressure?,Clarithromycin,Indication,alprazolam
what side effects would magnesium have on a woman taking dilantin?,Levofloxacin,Interaction,magnesium and Dilantin
what is Cefuroxime how does it work,Cefuroxime,Information,acetylcholine
what is Cefotaxime how does it work,Cefotaxime,Action,acetylcholine
what are tne side effects of Doxycycline,Doxycycline,Side effects,carprofen
Trimethoprim-sulfamethoxazole long term use?,Trimethoprim-sulfamethoxazole,Usage/duration,lansoprazole
what is Ciprofloxacin?,Ciprofloxacin,Information,Efudex
what medications can induce hypo pigmentation of skin?,Nitrofurantoin,Side effects,drugs that cause hypopigmentation
what is Doxycycline made of,Doxycycline,Ingredient,Salonpas
what is the side effects of Azithromycin,Azithromycin,Side effects,Invokana
how long after teeth treatment can you start Cefuroxime infection,Cefuroxime,Contraindication,zoledronic acid
what are Nitrofurantoin,Nitrofurantoin,Information,steroids
how long do you leave Amoxicillin,Amoxicillin,Usage,bimatoprost ophthalmic
what is Levofloxacin,Levofloxacin,Information,dopamine
how to use an Ciprofloxacin,Ciprofloxacin,Usage,epinephrine pen
how to reconstitute Cefotaxime,Cefotaxime,Usage,cefazolin
what is Trimethoprim-sulfamethoxazole prescribed for?,Trimethoprim-sulfamethoxazole,Indication,Actonel
Fosfomycin interaction with herbal supplements?,Fosfomycin,Interaction,brimonidine
what does Clarithromycin medication do?,Clarithromycin,Action,Flomax
what is Cefixime >65?,Cefixime,Information,Prevnar
where yo get Azithromycins,Azithromycin,Information,tetanus shot
how long for Clarithromycin to show in your blood,Clarithromycin,Action/time,donepezil
"for a ""rinse,"" how many ""cc"" should be ""used?f"" lidocaine lidocaine used",Fosfomycin,Usage,lidocaine rinse
how many cc of Amoxicillin is a dose?,Amoxicillin,Dose,lidocaine
what medicine besides Ciprofloxacin lower cholesterol?,Ciprofloxacin,Alternatives,statins
what does the pill Cefuroxime look like,Cefuroxime,Appearance,oxybutynin
what is the normal dose of Levofloxacin,Levofloxacin,Dose,lactulose
what pills are not compatible with Nitrofurantoin,Nitrofurantoin,Interaction,hydrocodone
shingrix vaccine how often do you get a shingles shot,Cefotaxime,Usage/time,shingles vaccine
how long will Cefixime block opioid,Cefixime,Action,suboxone
how to stop taking Doxycycline,Doxycycline,Stopping/tapering,trazodone
blood pressure when on Trimethoprim-sulfamethoxazole,Trimethoprim-sulfamethoxazole,Side effects,Eliquis
what do i mix Amoxicillin with in my nebulizer?,Amoxicillin,Usage,albuterol sulfate inhalation solution
what color Ciprofloxacin,Ciprofloxacin,Appearance,metoprolol
"Cefuroxime ""milligrams?""",Cefuroxime,Dose,tramadol
what ppis this medication for simvastatin,Fosfomycin,Interaction,"simvastatin, PPI"
how to give Cefotaxime,Cefotaxime,Usage,insulin
how often do i get the Doxycycline,Doxycycline,Usage/time,pneumococcal conjugate vaccine
what are the active ingredients in Clarithromycin,Clarithromycin,Ingredient,bimatoprost
how does it take for Cefixime to begin to show some improvement,Cefixime,Action/time,Strattera
will Nitrofurantoin exacerbate heart arrhythmias?,Nitrofurantoin,Side effects,citalopram
Trimethoprim-sulfamethoxazole how it works,Trimethoprim-sulfamethoxazole,Action,nitroglycerin
"what is an esi shot in the ""back?"" epidural steroids shot in the ""back?""",Levofloxacin,Information,epidural steroid injection (ESI)
what is medication for singular 10 mg.,Azithromycin,Indication,Singulair
"Amoxicillin, 75 mg. how much is to much",Amoxicillin,Overdose,diclofenac sodium
what upis this medication for Azithromycin,Azithromycin,unanswerable,simvastatin
"any ""side effects"" when stop taking Cefixime",Cefixime,Stopping/side effects,clopidogrel
can Cefuroxime be used for medical reasons?,Cefuroxime,Indication,hormonal contraceptives
what opioid is in the bupropion patch,Fosfomycin,Ingredient,"""bupropion patch"" (probably buprenorphine [Butrans])"
what is Clarithromycin,Clarithromycin,Information,Nicoderm
if wanting to change from duragesic patch to oxycontin how are doseages compared,Doxycycline,Comparison,duragesic patch and oxycontin
what is Ciprofloxacin,Ciprofloxacin,Information,fluoride
why is losartin prescribed rather than a calcium channel blocker.,Trimethoprim-sulfamethoxazole,Comparison,losartan
"when used as a rinse, how big should the amount of lidocaineof lidocaine used",Cefotaxime,Dose,lidocaine rinse
is it safe to add peppermint essential oil in mouthwash?,Nitrofurantoin,Side effects,peppermint oil
how to identify Levofloxacin tablets,Levofloxacin,Appearance,clonidine
Nitrofurantoin admin they injected into my kidney what will i do,Nitrofurantoin,Information,enoxaparin shot
how to safely stop taking Fosfomycin,Fosfomycin,Stopping/tapering,anastrozole
Clarithromycin after dinner and bed time?,Clarithromycin,Usage,metformin
what is Cefotaxime,Cefotaxime,Information,cortisol
effects of salt of epson to diabetes?,Cefuroxime,Contraindication,Epsom salt
1 mg Doxycycline ccis a small does of Doxycycline for adults?,Doxycycline,Dose,Ativan
"what help withdrawal ""fom."" hydrocodone 10 325",Amoxicillin,Stopping/tapering,hydrocodone + acetaminophen
what is Trimethoprim-sulfamethoxazole,Trimethoprim-sulfamethoxazole,Information,prochlorperazine
what does Azithromycin 1gm cure?,Azithromycin,Indication,valacyclovir
Ciprofloxacin how many milligrams for psoriatic arthritis,Ciprofloxacin,Dose,methotrexate
how long can i take Levofloxacin,Levofloxacin,Usage/time,raloxifene
is it safe to take Cefixime when breast feeding,Cefixime,Usage/special populations,toradol
"oxycodone hcl 5 mg & oxycodone ""10-325"" apap the same?",Cefixime,Comparison,"oxycodone hcl 5 mg; oxycodone ""10-325"""
how do Clarithromycin work,Clarithromycin,Action,beta blockers
what is contraindication of Cefotaxime,Cefotaxime,Contraindication,carbamazepine
what is Fosfomycin,Fosfomycin,Information,docusate sodium
what Azithromycin looks like,Azithromycin,Appearance,valacyclovir
what is insulin Trimethoprim-sulfamethoxazole,Trimethoprim-sulfamethoxazole,Information,glucagon
what milligrams the Cefuroxime,Cefuroxime,Dose,allopurinol
how long itching lasts after stopping Doxycycline,Doxycycline,Side effects/time,doxycycline
"why ""shouldn't"" i take gemfibrozil while taking lovastatin?",Ciprofloxacin,Interaction,gemfibrozil; lovastatin
Levofloxacin >65?,Levofloxacin,Indication,prevnar
how is Nitrofurantoin adminitsered,Nitrofurantoin,Usage,cyanocobalamin
how Doxycycline works,Doxycycline,Action,dextroamphetamine
what is Amoxicillin,Amoxicillin,Information,beta vulgaris
"if ""i'm"" allergic to penicillin can i take ""Amoxicillin?""",Amoxicillin,Contraindication,amoxicillin
what milagrams Cefixime come in,Cefixime,Dose,olanzapine
how many milligrams of aceitomohen in a bottle of Cefuroxime,Cefuroxime,Dose,acetaminophen with codeine
what medications can you not take with Trimethoprim-sulfamethoxazole,Trimethoprim-sulfamethoxazole,Interaction,grapefruit
Nitrofurantoin generic for?,Nitrofurantoin,Brand names,nitrofurantoin
"mouth wash"" with Azithromycin water -how much Azithromycin to ""water?",Azithromycin,Dose,salt
what is Levofloxacin,Levofloxacin,Information,vancomycin
at what point do i no longer need Cefotaxime injection?,Cefotaxime,Usage/time,cyanocobalamin
Ciprofloxacin for afibwhat are side effects,Ciprofloxacin,Side effects,amiodarone
"are you mentally ""i'll"" when you ""take Fosfomycin?""",Fosfomycin,Indication,fluoxetine
how to use Clarithromycin insulin pen,Clarithromycin,Usage,lantus solostar
what are the dosage strengths of Nitrofurantoin,Nitrofurantoin,Dose,sildenafil
"how long should i take Ciprofloxacin for a urinary tract infection ""?""",Ciprofloxacin,Usage/time,cipro
how to stop using Doxycycline,Doxycycline,Stopping/tapering,estradiol patch
how much Amoxicillin to treat strep throat for adult,Amoxicillin,Dose,penicillin
what class is Fosfomycin,Fosfomycin,Information,diazepam
is estradiol transdermal patch bio-identical estrogen?,Amoxicillin,Information,estradiol transdermal patch; estrogen
how to reduce Levofloxacin,Levofloxacin,Stopping/tapering,bisoprolol
what does Cefixime do to the body,Cefixime,Action,prednisone
what does Cefuroxime do to the body,Cefuroxime,Side effects,prednisone
how to prescribe Cefotaxime,Cefotaxime,Usage,fluocinonide .05% gel
what to do with Trimethoprim-sulfamethoxazole poisoning,Trimethoprim-sulfamethoxazole,Overdose,hydrogen peroxide
how does amxacillin clavulanic acid work,Amoxicillin,Action,amoxicillin clavulanic acid
what is the action of Ciprofloxacin in my body,Ciprofloxacin,Action,ezetimibe
when is the best time of day to take Doxycycline,Doxycycline,Usage/time,propranolol
how long are you protected after taking the hep b vaccine,Azithromycin,Time/effectiveness,hepatitits B vaccine
how you use for paracetamol,Nitrofurantoin,Usage,Acetaminophen
how you use for Clarithromycin,Clarithromycin,Alternatives,paracetamol
"problems when stopping Trimethoprim-sulfamethoxazole, hair loss?",Trimethoprim-sulfamethoxazole,Stopping/side effects,metformin
what is Doxycycline used for,Doxycycline,Indication,diclofenac sodium topical gel
what is rate for iv infusion Nitrofurantoin,Nitrofurantoin,Usage,cilastatin/imipenem
what is a Fosfomycin,Fosfomycin,Information,beta blocker
what should i do when stopping taking Azithromycin,Azithromycin,Stopping/tapering,oxycodone
how does Cefotaxime i effect the nervous system,Cefotaxime,Side effects,cocaine
"are you able to take Amoxicillin if you have a heart ""transplant?""",Amoxicillin,Contraindication,guaifenesin
can i took Levofloxacin for acne when i have kidney stone,Levofloxacin,Contraindication,minocycline
what is Cefixime ?,Cefixime,Information,amlodipine
how do Clarithromycin kill bacteria,Clarithromycin,Action,antibiotics
how is Cefuroxime dispensed,Cefuroxime,Dose,enoxaparin
what is the medication riva-clonazepam,Ciprofloxacin,Information,RIVA-CLONAZEPAM (clonazepam)
when is the best time to take Doxycycline,Doxycycline,Usage/time,lotensin
when is the best time to take Cefuroxime,Cefuroxime,Usage/time,lotensin
what is Ciprofloxacin,Ciprofloxacin,Information,ciprofloxacin
when is it ok to discontinue use of premarin crea m,Azithromycin,Stopping/tapering,premarin cream
if Amoxicillin is instilled in the wrong eye what happens,Amoxicillin,Usage,diclofenac
how other inject Clarithromycin to the knee,Clarithromycin,Information,cortisone
how long will Cefixime last on the shelf,Cefixime,Storage and disposal,benzonatate
Nitrofurantoin medication treats what disorder,Nitrofurantoin,Indication,tretinoin
why are Ciprofloxacin useful for treating gastrointestinal spasms associated with ibs,Ciprofloxacin,Action,anticholinergic drugs
what is clotrimazole betamethasone dipropionate cream,Levofloxacin,Information,CLOTRIMAZOLE AND BETAMETHASONE DIPROPIONATE
what is Fosfomycin used for,Fosfomycin,Indication,triamcinolone acetonide
what is Trimethoprim-sulfamethoxazole,Trimethoprim-sulfamethoxazole,Information,benzodiazepines
whats Cefotaxime,Cefotaxime,Information,zithromax
how long does Ciprofloxacin stay in breast milk,Ciprofloxacin,Action/time,vicodin
"how long can you be on clopidogrel ""&"" aspirin combined for",Cefixime,Usage/time,clopidogrel  & aspirin
Fosfomycin can i stop taking it?,Fosfomycin,Stopping/tapering,trospium
"how long does Cefotaxime stay in ""system?""",Cefotaxime,Action/time,chlordiazepoxide
how much gravol to kill you,Doxycycline,Overdose,Dimenhydrinate
what are the side effects and long term consequences of using Clarithromycin,Clarithromycin,Side effects,nicotine
what are the side effects and long term consequences of using Trimethoprim-sulfamethoxazole,Trimethoprim-sulfamethoxazole,Long term consequences,nicotine
how is Amoxicillin taken,Amoxicillin,Information,nicotine
brinzolamide is brimodine?,Azithromycin,Information,brinzolamide/brimodine
what does take drug with food mean?,Levofloxacin,Information,drug & food
what would a normal dose be for Cefuroxime,Cefuroxime,Dose,valacyclovir
how many mgs of Nitrofurantoin does one take for sleep,Nitrofurantoin,Dose,seroquel
what does Ciprofloxacin contain,Ciprofloxacin,Ingredient,tasmar
what is another drug similar to Fosfomycin,Fosfomycin,Alternatives,sulfonylureas
how do Cefotaxime injections treat muscle conditions?,Cefotaxime,Action,botulinum toxin
heroin mixed with Amoxicillin what are the symptoms of an overdose,Amoxicillin,Overdose,fentanyl
Cefuroxime mixed with fentanyl what are the symptoms of an overdose,Cefuroxime,Overdose,heroin
heroin mixed with fentanyl what are the symptoms of an overdose,Trimethoprim-sulfamethoxazole,Interaction,"heroin, fentanyl"
is Clarithromycin addictive?,Clarithromycin,Side effects,pramipexole
can you take amoxicillin with hydrocodone ?,Amoxicillin,Interaction,amoxicillin & hydrocodone
how long will the Cefixime stay good,Cefixime,Storage and disposal,cyanocobalamin
Doxycycline how prescribed,Doxycycline,Dose,entocort ec
Levofloxacin caps 200 mg what is it for,Levofloxacin,Indication,celebrex
how ph change with antibiotic,Nitrofurantoin,Action,antibiotics
what does Azithromycin look like,Azithromycin,Appearance,vicodin
how much is Nitrofurantoin daily dose,Nitrofurantoin,Dose,fish oil
Fosfomycin ip what is the rate of injection,Fosfomycin,Dose,meropenem injection
what is Cefixime used for,Cefixime,Indication,xifaxan
what happens when you mix cymbalta with muscle relaxes,Ciprofloxacin,Interaction,"cymbalta, muscle relaxants"
when to start Trimethoprim-sulfamethoxazole,Trimethoprim-sulfamethoxazole,Usage/time,tamiflu
how to take Clarithromycin,Clarithromycin,Usage,clotrimazole
how to apply Cefotaxime patch on chest,Cefotaxime,Usage,clonidine
do patients get better medication deposition when using a Cefuroxime?,Cefuroxime,Information,spacer
what color is the Levofloxacin,Levofloxacin,Appearance,clonazepam
how 9is Azithromycin adminitsered,Azithromycin,Usage,cyanocobalamin
how to stop Amoxicillin lyrica,Amoxicillin,Stopping/tapering,pregabalin
i need to know how to use this medication Doxycycline,Doxycycline,Usage,ultibro
howmuch aspirin in Fosfomycin,Fosfomycin,Ingredient,butalbital
Cefotaxime how often,Cefotaxime,Usage/time,shingles vaccine
show me Doxycycline,Doxycycline,Appearance,omeprazole
what is Levofloxacin medicine,Levofloxacin,Appearance,u02
what does Ciprofloxacin do to your body,Ciprofloxacin,Action,magnesium
shingles sq (Amoxicillin) i have to take again ?,Amoxicillin,Usage/time,zostavax
what size bottle does Trimethoprim-sulfamethoxazole come in,Trimethoprim-sulfamethoxazole,Storage and disposal,latanoprost ophthalmic
how is bcg vaccine stored,Cefuroxime,Storage and disposal,bsg vaccine
what is Azithromycin (rzv) recombinant vaccine,Azithromycin,Information,shingrix
what is a normal dosage of Cefixime,Cefixime,Dose,klonopin
how often can a prescription of Nitrofurantoin be called in,Nitrofurantoin,Usage,fentanyl
how long does stomach take to empty for Clarithromycin,Clarithromycin,Action/time,fosamax
"how should i dilute Fosfomycin ""infection?""",Fosfomycin,Usage,ceftriaxone
Clarithromycin what mgs are available,Clarithromycin,Dose,fluoxetine
how long can i take Doxycycline,Doxycycline,Usage/time,ibuprofen
how can i split a 3mg or 4mg waefin pill so i can get a 2.5mg pill,Cefuroxime,Usage,warfarin
does Doxycycline contain resin and shellac in it. ?,Doxycycline,Ingredient,doxycycline
wht is a normal dose daily for Cefixime?,Cefixime,Dose,ativan
ok to use expired Cefotaxime patches??,Cefotaxime,Storage and disposal,lidocaine
"how often is the Ciprofloxacin shot ""given?""",Ciprofloxacin,Usage/time,tetanus
why take Azithromycin,Azithromycin,Indication,simvastatin
what is the medication thera tab used to treat?,Levofloxacin,Indication,Thera-Tabs
how should i stop taking Amoxicillin?,Amoxicillin,Stopping/tapering,heparin
what spices can be used while on warfarin,Trimethoprim-sulfamethoxazole,Interaction,warfarin; spices
how do Nitrofurantoin effect the digestive system,Nitrofurantoin,Side effects,steroids
how do Levofloxacin effect the digestive system,Levofloxacin,Side effects,steroids
Nitrofurantoin mg?,Nitrofurantoin,Dose,tylenol pm
what should i do if i just started taking an antibiotic and i am experiencing diahreea,Fosfomycin,Side effects,antibiotics
"is there danger in stopping Cefotaxime form ""days?""",Cefotaxime,Stopping/tapering,sertraline
what time should take Amoxicillin,Amoxicillin,Usage/time,memantine
"Azithromycin in patients with neurogenic detrusor ""over activity:"" is dose titration of benefit to the ""patients?""",Azithromycin,Usage,trospium chloride
what is the purpose or desired effect of Cefixime,Cefixime,Indication,aspirin
Trimethoprim-sulfamethoxazole 40mcg what is it doe,Trimethoprim-sulfamethoxazole,Indication,QVAR
what are the ingredients in Clarithromycin,Clarithromycin,Ingredient,cephalexin
what is the effect of eliquis and cialis,Ciprofloxacin,Interaction,eliquis; cialis
Cefuroxime 0.5-0.4 mg capsule?,Cefuroxime,Information,jalyn
Doxycycline?,Doxycycline,Information,topiramate
"show Amoxicillin 30mg ""tab/accord"" healthcare",Amoxicillin,Appearance,spironolactone
how long after Cefixime to see results,Cefixime,Action/time,steroids
exercise restrictions with taking Levofloxacin?,Levofloxacin,Usage,moxifloxacin
vaccine when pregnant,Nitrofurantoin,Information,vaccination
vit Trimethoprim-sulfamethoxazole tabet?,Trimethoprim-sulfamethoxazole,Dose,B12
pneumonia vaccine is good for how long?,Cefotaxime,Usage/duration,Pneumococcal Vaccines
pneumonia vaccine is good for how long?,Ciprofloxacin,Storage and disposal,Pneumococcal Vaccines
how often should adult take pneumonia vaccine,Fosfomycin,Usage/duration,Pneumococcal Vaccines
what mg. does Azithromycin have?,Azithromycin,Dose,meprobamate
what happens if voiting happens after taking a medication,Doxycycline,Information,vomiting of medication
influenza when received,Clarithromycin,Usage/time,flu vaccination
Cefuroxime >65what is this vaccine used for?,Cefuroxime,Indication,prevnar
what is clotrimazole and betamethasone dipropionage cream,Cefixime,Information,clotrimazole and betamethasone dipropionate
levodopa carbidopa what will these drugs do to me if i take alcohol,Fosfomycin,Interaction,llevodopa and carbidopa; alcohol
how often do you need a Amoxicillin?,Amoxicillin,Usage/time,zoster vaccine
do prescription Nitrofurantoin help prevent reocurrence of arts?,Nitrofurantoin,Action,antacids
how long can you take a steroid for arthritis,Cefotaxime,Usage/time,steroids
what is the expiration time for fluorouracil topical cream,Trimethoprim-sulfamethoxazole,Storage and disposal,fluorouracil cream
what is the difference between atorvastatin and lipitor,Ciprofloxacin,Comparison,atorvastatin; lipitor
what medications could cause excessive hair growth,Cefuroxime,Side effects,drugs that cause hirsutism
what is Azithromycin,Azithromycin,Information,formoterol
what painkillers can i take when taking rivaroxaban,Doxycycline,Interaction,"rivaroxaban, painkillers"
how long should wait to take another medicine after i take Azithromycin,Azithromycin,Usage,azithromycin
what time of day to take Clarithromycin,Clarithromycin,Usage/time,aripiprazole
what types of steroids shots are there,Levofloxacin,Information,steroid injections
what are some side effects Cefixime,Cefixime,Side effects,nicoderm
warfarin and cabbage?,Trimethoprim-sulfamethoxazole,Interaction,warfarin; cabbage
"can a patient stop using Ciprofloxacin if the condition ""stabilize?""",Ciprofloxacin,Stopping/tapering,enalapril
Amoxicillin calcium what are the side effects,Amoxicillin,Side effects,rosuvastatin
what is the protocol for adding Azithromycin for type2 diabetics,Azithromycin,Usage,insulin
what is the dosage of Levofloxacin tablets for bronchitis please,Levofloxacin,Dose,levofloxacin
what is insuline and glucagon,Fosfomycin,Information,glucagon & insulin
when to take Levofloxacin,Levofloxacin,Usage/time,loratadine
where is Doxycycline metabolized?,Doxycycline,Action,tetracycline
how to stop taking Nitrofurantoin,Nitrofurantoin,Stopping/tapering,atorvastatin
can you take ultram with ibuprofen?,Clarithromycin,Interaction,ultram ; ibuprofen
is Cefuroxime a chemo drug??,Cefuroxime,Information,herceptin
Cefotaxime is good for what?,Cefotaxime,Indication,bupropion hcl 300mg
Cefixime (90714)what is a tad vaccine,Cefixime,Information,td vaccine
what size syringe to use for testosterone inject,Levofloxacin,Usage,testosterone injection
how much weight gain with Doxycycline,Doxycycline,Side effects,carvedilol
is Trimethoprim-sulfamethoxazole good for heartburn?,Trimethoprim-sulfamethoxazole,Indication,dicyclomine
what are Fosfomycin,Fosfomycin,Information,iron injections
how much Azithromycin should an anemic take per day,Azithromycin,Dose,iron
what is in Cefotaxime,Cefotaxime,Ingredient,lidocaine
when taking plavix and xarelto blood thinners is it safe to take dilaudid for pain,Cefuroxime,Interaction,"plavix, xarelto,  dilaudid"
is erythromycin ophthalmic ointment good for inflamed eyelids?,Ciprofloxacin,Indication,erythromycin ointment
how should i dilute Clarithromycin?,Clarithromycin,Usage,ceftriaxone injection
symptoms from taking multiple doses of Amoxicillin 40 mg per dayproblems with taking Amoxicillin 40mg twice daily ?,Amoxicillin,Side effects,lasix
how long for allergic reaction after using Nitrofurantoin,Nitrofurantoin,Side effects/time,nivolumab
where does Amoxicillin come from,Amoxicillin,Information,fluorouracil
where does Nitrofurantoin come from,Nitrofurantoin,Manufacturer,fluorouracil
Clarithromycin how long in system,Clarithromycin,Action/time,chlorpheniramine
how long will 6 mgs of Cefotaxime block opiates,Cefotaxime,Action/time,suboxone
how is Levofloxacin administered,Levofloxacin,Usage,tocilizumab
what is Trimethoprim-sulfamethoxazole ointment used for,Trimethoprim-sulfamethoxazole,Indication,diclofenac
Azithromycin is for what sexual diseases,Azithromycin,Indication,cephalexin
what is Doxycycline,Doxycycline,Information,terfenadine
what is Cefuroxime,Cefuroxime,Information,bisolvon
is it safe for a 72 year old to stop taking Cefixime?,Cefixime,Stopping/tapering,premarin
what are the side effects of taking the two medication amlodipine metoprolol together,Fosfomycin,Interaction,amlodipine; metoprolol
how soon does Ciprofloxacin affect blood pressure,Ciprofloxacin,Action/time,losartan
how do Nitrofurantoin effect the respiratory system,Nitrofurantoin,Action,steroids
why am i so cold taking Azithromycin b p med,Azithromycin,Side effects,bystolic
Cefuroxime how often,Cefuroxime,Usage/time,pneumococcal vaccine
is it alright to use fluticasone when using oxygen,Doxycycline,Interaction,"fluticasone, oxygen"
