Unnamed: 0,Question,Focus (Drug),Question Type,original_drug
0,how does rivatigmine and otc sleep medicine interact,Trimethoprim-sulfamethoxazole,Interaction,rivastigmine
2,what is Clarithromycin,Clarithromycin,Information,morphine
5,what is Amoxicillin used for,Amoxicillin,Indication,desonide ointment
6,how soon can Cefixime be taken after a cocktail?,Cefixime,Interaction,Tylenol
8,Levofloxacin how it works,Levofloxacin,Usage,Breo inhaler
9,Doxycycline 40mg what is it for,Doxycycline,Indication,Qvar
10,does Cefuroxime ophthalmic helps for iritis?,Cefuroxime,Indication,cyclosporine
11,what ingredient in walnut interferes with Azithromycin drug absorption,Azithromycin,Interaction,Synthroid
12,what is the color of the fluvaastatin pill,Cefotaxime,Appearance,fluvastatin
15,how long before a meal should Ciprofloxacin be taken,Ciprofloxacin,Usage,Lansoprazole
16,what does using Nitrofurantoin make your face look like,Nitrofurantoin,Side effects,fluorouracil
17,why did my doctor give me level iracetam,Fosfomycin,Indication,Levetiracetam
18,results of stopping Amoxicillin?,Amoxicillin,Usage,terazosin
19,what Azithromycin look like,Azithromycin,Appearance,meloxicam
20,Levofloxacin how often,Levofloxacin,Usage,nitroglycerin
24,Cefixime when is it safe to take,Cefixime,Interaction,neupro and ropinirole
26,what is Clarithromycin >65,Clarithromycin,Information,prevnar
27,how many mg does it take to overdose on Nitrofurantoin,Nitrofurantoin,Overdose,oxycodone
28,what medication not to take with Cefuroxime,Cefuroxime,Interaction,lithium
29,Ciprofloxacin drug/?,Ciprofloxacin,Information,MST
33,"what is the imprint on metoprolol succ., 50 mg",Trimethoprim-sulfamethoxazole,Appearance,metoprolol succinate
35,how to administer Doxycycline,Doxycycline,Usage,denosumab
36,what is Fosfomycin,Fosfomycin,Information,barbiturates
38,how to prep and administer Cefotaxime,Cefotaxime,Usage,insulin
41,Amoxicillin treat uti?,Amoxicillin,Indication,Levaquin
43,sickness in humans caused Doxycycline on toys from china?,Doxycycline,Side effects,formaldehyde
44,is cyclobenzaprine a benzodiazepine?,Fosfomycin,Information,cyclobenzaprine | benzodiazepine
47,can i eat after taking Cefotaxime?,Cefotaxime,Usage,Rapaflo
51,Cefixime 10 what is all in this pill is it safe,Cefixime,Side effects,Vyvanse
54,what is the class for Azithromycin?,Azithromycin,Information,insulin glargine
56,what is metopol tar use,Cefuroxime,Indication,metoprolol tartrate
57,"does Nitrofurantoin cause i ""insomnia?""",Nitrofurantoin,Side effects,corticosteroids
58,how reduce cholesterol,Clarithromycin,Indication,drugs that reduce cholesterol
59,"when is Levofloxacin ""contra indicated?""",Levofloxacin,Contraindication,Gardasil
60,what is the classification of Ciprofloxacin,Ciprofloxacin,Information,cromolyn
61,"i take Trimethoprim-sulfamethoxazole, my eyes are blurry, if i stop taking it, will my eyes clear up ?",Trimethoprim-sulfamethoxazole,Side effects,lorazepam
62,how to use Levofloxacin,Levofloxacin,Usage,thymol
63,is Cefixime a drug?,Cefixime,Information,zolpidem
64,Ciprofloxacin can be the cause of elevated bun/ creatinine level?,Ciprofloxacin,Side effects,mercaptopurine
65,when does skin redness start on Cefuroxime,Cefuroxime,Side effects,fluorouracil
67,what tier drug is Amoxicillin,Amoxicillin,Information,methylphenidate
68,what is Nitrofurantoin,Nitrofurantoin,Information,normal saline
69,what is Cefotaxime for?- consider waiting for a new vaccine coming spring of 2018,Cefotaxime,Indication,Zostavax
70,what is Trimethoprim-sulfamethoxazole?,Trimethoprim-sulfamethoxazole,Information,Ciprodex
72,why Clarithromycin,Clarithromycin,Indication,codeine
73,how to give Doxycycline,Doxycycline,Usage,Toradol IM
75,can you take these tow medications at the same time of day Azithromycin?,Azithromycin,Interaction,Concerta and Lexapro
77,what happened if one takes a double does of Fosfomycin,Fosfomycin,Overdose,Simvastatin
78,what is antibiotic?,Trimethoprim-sulfamethoxazole,Information,Antibiotics
79,what kind of rash could Nitrofurantoin cause,Nitrofurantoin,Side effects,pravastatin
80,what is Levofloxacin,Levofloxacin,Information,ketorolac eye drops
81,how to take your medicine diabetes,Doxycycline,Usage,diabetes medicine
83,what type of drug is Clarithromycin,Clarithromycin,Information,ecstasy
84,what are the side effects of Amoxicillin,Amoxicillin,Side effects,valsartan
85,Ciprofloxacin capsules how supplied,Ciprofloxacin,Information,Keflex
86,what is nano silver?,Cefuroxime,Information,nanosilver
87,why to take Cefotaxime,Cefotaxime,Indication,Vicodin
88,how is Azithromycin and amphetamine used,Azithromycin,Usage,cocaine
89,how is cocaine and Cefixime used,Cefixime,Usage,amphetamine
96,what three trade names were gven inthis chapter for this generic drug about Fosfomycin,Fosfomycin,Brand names,hydrochlorothiazide
98,"is it safe to add peppermint essential oil in ""mouth wash?""",Cefixime,Side effects,peppermint oil
103,what does the Cefuroxime pill look like,Cefuroxime,Appearance,Clotrimazole
104,how long do opioid withdraws last,Nitrofurantoin,Information,opioids
105,is Cefotaxime chemo.a drug?,Cefotaxime,Information,Herceptin
107,what is magnesium chelated good for,Azithromycin,Indication,Chelated magnesium
115,"what color are the pills for levodopa carbidopa for ""50/200"" mg extended relief",Doxycycline,Appearance,"Carbidopa and Levodopa, extended release"
116,how long do the side effects last after taking Levofloxacin,Levofloxacin,Time/side effects,Medroxyprogesterone
117,how is Clarithromycin classified,Clarithromycin,Information,Guanfacine
118,hyptotension Trimethoprim-sulfamethoxazole?,Trimethoprim-sulfamethoxazole,Side effects,Lexapro
120,how do you take Ciprofloxacin,Ciprofloxacin,Usage,Clindamycin
121,mix salt and Amoxicillin what will happen,Amoxicillin,Interaction,Hydromorphone
124,what types of insulin for resistance,Fosfomycin,Information,n/a (Exploration)
125,is Fosfomycin additive?,Fosfomycin,Information,Restoril
130,what does Doxycycline 25 mg pill look like,Doxycycline,Appearance,Spironolactone
131,what if i eat grapefruit on Azithromycin,Azithromycin,Interaction,Simvastatin
133,"do i take a Trimethoprim-sulfamethoxazole with or without food ""?""",Trimethoprim-sulfamethoxazole,Usage,Statin
140,pain medication how to use,Nitrofurantoin,Usage,Pain Medications
141,freezing Cefuroxime?,Cefuroxime,Storage and disposal,Clotrimazole
142,what does it look like/metoprolol,Ciprofloxacin,Appearance,Metroprolol succinate
143,is it ok to take a probiotic when taking an antibiotic?,Cefotaxime,Interaction,Antibiotics
144,"how to use ivermectin ""derm gard"" for dog",Clarithromycin,Usage,Dermgard
145,can i take meloxicam along with tylenol + cod?,Cefixime,Interaction,"Meloxicam, Tylenol and Codeine"
146,what foods should a person taking Levofloxacin eat,Levofloxacin,Interaction,Warfarin
147,can i take doxepin and prexum together?,Amoxicillin,Interaction,"Doxepin, Prexum"
148,what Doxycycline pills look like,Doxycycline,Appearance,Tramadol
149,what are contraindications for Amoxicillin,Amoxicillin,Contraindication,Kadian
150,how long is Cefotaxime expired,Cefotaxime,Storage and disposal,Oxycodone
151,what is acebutolol hcl blue pill,Nitrofurantoin,Information,Acebutolol Hydrochloride
152,drug therapyof gastritis when taking Cefixime sodium,Cefixime,Side effects,Diclofenac
153,who administers Clarithromycin?,Clarithromycin,Usage,Succinylcholine
155,does Cefuroxime aggravate hepatitis?,Cefuroxime,Side effects,Benazepril
159,what is insulin and glycogen,Ciprofloxacin,Information,"Insulin, Glycogen"
161,"Fosfomycin for ""afib what"" are side effects",Fosfomycin,Side effects,Amiodarone
162,how to combine dapaliflozin with metformin,Azithromycin,Combination,"Dapagliflozin, Metformin"
163,why Trimethoprim-sulfamethoxazole used,Trimethoprim-sulfamethoxazole,Indication,Prozac
164,pill form Levofloxacin what does it look like,Levofloxacin,Appearance,topamax
168,do ursodiol and coconut oil mix?,Trimethoprim-sulfamethoxazole,Interaction,Urosodiol
170,can i drink cataflam when i drink medrol;,Cefotaxime,Interaction,"Cataflam, Medrol"
174,what happens if too much Azithromycin is released into the blood,Azithromycin,Overdose,Insulin
175,what type of drug is Levofloxacin,Levofloxacin,Information,Amphetamine
176,blood pressure when on eliquis metropropnal,Doxycycline,Interaction,"Eliquis, Metoprolol"
177,age limits for use of Clarithromycin?,Clarithromycin,Indication,Bupropion
178,how to self inject enoxaparin sodium,Ciprofloxacin,Usage,Enoxparin Sodium
181,what type of drug is Nitrofurantoin,Nitrofurantoin,Information,Heroin
182,wetting in pants after Cefixime shot?,Cefixime,Side effects,Penicillin
183,how to inject Fosfomycin,Fosfomycin,Usage,Insulin
184,what to do if missed two days of Cefuroxime,Cefuroxime,Forget a dose,Thyroid medications
185,what is a Amoxicillin,Amoxicillin,Information,Biologic
187,what color is 30mg Levofloxacin,Levofloxacin,Appearance,Prednisone
188,how to use Doxycycline in malaria,Doxycycline,Indication,Ceftriaxone
189,what his acetaminophen and 8mg phosphate codeline,Azithromycin,Combination,"Acetaminophen, Codeine Phosphate"
190,do i take a Ciprofloxacin with or without food ?,Ciprofloxacin,Usage,Statin
191,what is Trimethoprim-sulfamethoxazole,Trimethoprim-sulfamethoxazole,Information,Aldosterone
192,"why no side affects on Amoxicillin listed, yet on reg inet they have a list?",Amoxicillin,Side effects,Hydromorphone
195,remipril compatible with cabergoline?,Clarithromycin,Interaction,"Ramipril, Cabergoline"
196,what happens when you take Cefuroxime long term,Cefuroxime,Side effects,Lansoprazole
199,how often should you get a zoster vaccine,Cefotaxime,Dose/time,Herpes zoster vaccine
200,what insulin can be mixed with glargine,Nitrofurantoin,Combination,"Glargine, Insulin"
201,what is Cefixime used for,Cefixime,Indication,Naproxen
204,what is Fosfomycin used for,Fosfomycin,Indication,Aldactazide
206,how to use Nitrofurantoin oral inhalation demonstration video,Nitrofurantoin,Usage,Albuterol
208,why is Clarithromycin prescribed,Clarithromycin,Indication,Pyridostigmine
210,what is brand name of acetaminophen,Cefotaxime,Brand names,"Acetaminophen, Codeine Phosphate"
214,Fosfomycin and depression?,Fosfomycin,Side effects,Norvasc
216,how often zoster zoster vaccine needs to be taken,Ciprofloxacin,Dose/time,Herpes zoster vaccine
217,what is Levofloxacin,Levofloxacin,Information,Bioflavonoid
218,what are the symptoms of a human exposed to Doxycycline,Doxycycline,Side effects,Boric Acid Powder
223,how long it takes for withdrawals to go away on Trimethoprim-sulfamethoxazole,Trimethoprim-sulfamethoxazole,Information,Oxycodone
225,seniors and Amoxicillin?,Amoxicillin,Usage,premarin
226,can Cefixime products be used with other over-the-counter (otc) or prescription medications?,Cefixime,Interaction,mucinex fast-max
229,what is the side effect of bp medicine on brain?,Azithromycin,Side effects,blood pressure medicine
230,Cefuroxime 40mcg what is it for,Cefuroxime,Indication,qvar
231,"Trimethoprim-sulfamethoxazole ""patch,"" what if ""doesn't"" stick well",Trimethoprim-sulfamethoxazole,Usage,fentanyl
232,what size pill is Levofloxacin,Levofloxacin,Appearance,risedronate
236,hyptotension caused by Clarithromycin?,Clarithromycin,Side effects,lexapro
238,Cefixime tablets 10 mg is for what purpose,Cefixime,Indication,dydrogesterone
241,when is the best tme to take Nitrofurantoin tab.,Nitrofurantoin,Usage,magnesium citrate
242,why did my doctor give me Azithromycin,Azithromycin,Indication,levetiracetam
243,Cefotaxime made by unichem is it safe?,Cefotaxime,Side effects,hydrochlorothiazide
244,how to use Amoxicillin,Amoxicillin,Usage,spiriva
246,what exactly is Fosfomycin,Fosfomycin,Information,butalbital
247,Ciprofloxacin over counter?,Ciprofloxacin,Information,testosterone
248,what are Doxycycline,Doxycycline,Information,beta blockers
249,is Cefuroxime a treament for cor pulmonale?,Cefuroxime,Indication,Viagra
250,is Trimethoprim-sulfamethoxazole the only diuretic drug for fluid build up in heart failure patients?,Trimethoprim-sulfamethoxazole,Indication,Lasix
251,is lasix the only Cefuroxime in heart failure patients?,Cefuroxime,Indication,diuretic drug for fluid build up
252,what can i do if unusual bruising appears after injecting Nitrofurantoin,Nitrofurantoin,Side effects,enoxaparin
254,will anti viral drugs activate my angio edema condition?,Doxycycline,Side effects,antiviral drugs
255,what is the length of Azithromycin treatment,Azithromycin,Usage/duration,entecavir
257,are tobacco and Levofloxacin products addictive?,Levofloxacin,Side effects,nicotine
258,how does Clarithromycin affect creatine,Clarithromycin,Side effects,Sutent
261,how dangerous is cutting Ciprofloxacin cc tablets,Ciprofloxacin,Usage,nifedipine ER
264,how to administer Amoxicillin,Amoxicillin,Usage,insulin
267,can spironolactone e used when talking furosemide,Fosfomycin,Interaction,spironolactone + furosemide
268,how long should i take Cefotaxime,Cefotaxime,Usage/duration,dutasteride
271,Cefixime is what schedule drug,Cefixime,Information,Tudorza Pressair
272,should metoprolol and lexapro be taken together?,Amoxicillin,Interaction,metoprolol + Lexapro
273,what shape is the Azithromycin pill,Azithromycin,Appearance,amlodipine
277,what does Cefotaxime look like,Cefotaxime,Appearance,memantine
278,what does Cefixime look like,Cefixime,Appearance,memantine
279,what does Levofloxacin look like,Levofloxacin,Appearance,memantine
280,what does Clarithromycin look like,Clarithromycin,Appearance,memantine
281,what happens if your child ate a Cefuroxime tablet,Cefuroxime,Overdose,tylenol
282,where is Ciprofloxacin originated from,Ciprofloxacin,Information,heroin
283,Doxycycline >65what is this vaccine ?,Doxycycline,Information,prevnar
284,what medications contribute to non-alcoholic fatty liver,Fosfomycin,Side effects,medications that contribute to non-alcoholic fatty liver
286,what is Trimethoprim-sulfamethoxazole,Trimethoprim-sulfamethoxazole,Information,fentanyl
287,what is the reason for having to use Nitrofurantoin after a antibodies fusion,Nitrofurantoin,Indication,heparin
290,what drugs case erectile dysfuntion,Fosfomycin,Side effects,drugs that cause erectile dysfunction
292,it is Azithromycin a cholinergic?,Azithromycin,Information,latanoprost
294,can i drink voltarel or cataflam when i drink medrol,Doxycycline,Interaction,(Voltaren or Cataflam) and Medrol
296,in how much temp Trimethoprim-sulfamethoxazole should store,Trimethoprim-sulfamethoxazole,Storage and disposal,bcg vaccine
297,how can Cefuroxime effect my blood test,Cefuroxime,Side effects,biotin
300,how to give diazepam rectal gel,Levofloxacin,Usage,diazepam gel
301,is there an antacid Nitrofurantoin?,Nitrofurantoin,Information,malox
302,what is Ciprofloxacin,Ciprofloxacin,Information,pepsin
304,if i am allergic to sufa can i take Cefotaxime?,Cefotaxime,Contraindication,glipizide
305,what color is Amoxicillin,Amoxicillin,Appearance,phenytoin
306,what color is Clarithromycin,Clarithromycin,Appearance,phenytoin
307,what color is Cefixime,Cefixime,Appearance,phenytoin
308,what color is Cefixime,Cefixime,Appearance,phenytoin
310,what is Ciprofloxacin,Ciprofloxacin,Information,xanax
311,how long should you use Levofloxacin,Levofloxacin,Usage/duration,anti inflammatory gel
312,what does hydro coding acet 5-325,Nitrofurantoin,Information,hydrocodone + acetaminophen
314,what do Trimethoprim-sulfamethoxazoles look like,Trimethoprim-sulfamethoxazole,Appearance,percocet
316,how will i feel when taking Amoxicillin tablets,Amoxicillin,Side effects,memantine
318,Azithromycin how to use them safely,Azithromycin,Usage,blood thinner pills
319,what is Doxycycline,Doxycycline,Information,coumadin
322,how long can Clarithromycin be taken?,Clarithromycin,Usage/duration,megestrol
324,can you use Cefotaxime past expiration date?,Cefotaxime,Storage and disposal,fluorouracil
325,what is usual infusion time for Cefuroxime injecetion,Cefuroxime,Usage,cetuximab
326,what is Fosfomycin,Fosfomycin,Information,streptomycin
327,what is the drug to drug interation for luvox and quillivant,Nitrofurantoin,Interaction,Luvox + Quillivant
328,"albuterol portable ""nebulizer?"" microtia vibrating mesh nebulizing ""system.""",Doxycycline,Information,albuterol nebulizers
331,what drugs contain in testerone injection,Amoxicillin,Information,testosterone injection
332,how to take Azithromycin,Azithromycin,Usage,statins
334,is it nessasary to ween off of cymbalta before starting effexor?,Clarithromycin,Interaction,Cymbalta and Effexor
335,what do Levofloxacin do to the brain,Levofloxacin,Side effects,steroids
336,is Cefuroxime a nsaid?,Cefuroxime,Information,pramoxine
339,is Cefixime safe in mouthwash?,Cefixime,Side effects,peppermint oil
340,how to inject pills Trimethoprim-sulfamethoxazole,Trimethoprim-sulfamethoxazole,Usage,morphine
341,Cefotaxime how supplied,Cefotaxime,Information,metoclopramide
342,Fosfomycin how supplied,Fosfomycin,Information,metoclopramide
343,Ciprofloxacin how supplied,Ciprofloxacin,Information,metoclopramide
344,Trimethoprim-sulfamethoxazole how supplied,Trimethoprim-sulfamethoxazole,Information,metoclopramide
345,"why Cefotaxime is not allowed by prostate ""cancer?""",Cefotaxime,Contraindication,finasteride
346,when teeth have been treated how lon after do yohave to wait to have Doxycycline injection,Doxycycline,Contraindication,zoledronic acid
347,are there Ciprofloxacin for cold symtoms?,Ciprofloxacin,Indication,antibiotics
348,how many years will the Azithromycin pill be potent,Azithromycin,Storage and disposal,Viagra
350,what drug reverses the effect of Fosfomycin,Fosfomycin,Overdose,heparin
352,does Cefixime is used for treat stroke?,Cefixime,Indication,enalaprilat
353,how to group of Nitrofurantoin,Nitrofurantoin,Information,mebendazole
354,why did my doctor give me Levofloxacin what is use for,Levofloxacin,Indication,levetiracetam
355,what is Amoxicillin,Amoxicillin,Information,divalproex
356,what is Cefuroxime,Cefuroxime,Information,divalproex
357,what medicines should not be taken with Clarithromycine,Clarithromycin,Interaction,gabapentin
362,show me the stages of Doxycycline 15 milligram hcl,Doxycycline,Information,oxycodone
363,what is Clarithromycin,Clarithromycin,Information,ASA EC
364,Azithromycin make glacoma worst?,Azithromycin,Side effects,glucosamine
366,how long does Nitrofurantoin stay good,Nitrofurantoin,Storage and disposal,polyethylene glycol
367,what does Fosfomycin pill look like,Fosfomycin,Appearance,bumetanide
368,what does Cefixime pill look like,Cefixime,Appearance,bumetanide
369,what does Cefotaxime pill look like,Cefotaxime,Appearance,bumetanide
372,can i have allergie test when taking Trimethoprim-sulfamethoxazole?,Trimethoprim-sulfamethoxazole,Side effects,methylprednisolone
375,foods to avoid when taking Amoxicillin,Amoxicillin,Interaction,metformin
379,what is Ciprofloxacin,Ciprofloxacin,Information,amphetamine
380,what Cefuroxime looks like in color shape,Cefuroxime,Appearance,valacyclovir
381,what Levofloxacin looks like in color shape,Levofloxacin,Appearance,valacyclovir
382,what Cefixime looks like in color shape,Cefixime,Appearance,valacyclovir
383,what Levofloxacin looks like in color shape,Levofloxacin,Appearance,valacyclovir
384,"pantoprazole can it be taken ""plavix?""",Clarithromycin,Interaction,pantoprazole and Plavix
385,what the interaction between trimethoprim blood pressure medication,Cefuroxime,Interaction,trimethoprim and blood pressure medication
386,what Cefotaxime are best for someone with a heart arrhythmia,Cefotaxime,Indication,antidepressants
392,what is Azithromycin for knee,Azithromycin,Information,Supartz FX
395,Trimethoprim-sulfamethoxazole?,Trimethoprim-sulfamethoxazole,Information,famotidine 10 mg
396,"is Nitrofurantoin safe in ""mouth wash?""",Nitrofurantoin,Side effects,peppermint oil
397,can Doxycycline lower blood pressure?,Doxycycline,Indication,alprazolam
398,what side effects would magnesium have on a woman taking dilantin?,Fosfomycin,Interaction,magnesium and Dilantin
399,what is Amoxicillin how does it work,Amoxicillin,Information,acetylcholine
401,what are tne side effects of Ciprofloxacin,Ciprofloxacin,Side effects,carprofen
402,Cefotaxime long term use?,Cefotaxime,Usage/duration,lansoprazole
403,what is Doxycycline?,Doxycycline,Information,Efudex
404,what medications can induce hypo pigmentation of skin?,Clarithromycin,Side effects,drugs that cause hypopigmentation
407,what is the side effects of Trimethoprim-sulfamethoxazole,Trimethoprim-sulfamethoxazole,Side effects,Invokana
408,how long after teeth treatment can you start Azithromycin infection,Azithromycin,Contraindication,zoledronic acid
409,what are Amoxicillin,Amoxicillin,Information,steroids
411,how long do you leave Ciprofloxacin,Ciprofloxacin,Usage,bimatoprost ophthalmic
412,what is Nitrofurantoin,Nitrofurantoin,Information,dopamine
413,how to use an Cefuroxime,Cefuroxime,Usage,epinephrine pen
414,how to reconstitute Levofloxacin,Levofloxacin,Usage,cefazolin
415,what is Cefixime prescribed for?,Cefixime,Indication,Actonel
416,Fosfomycin interaction with herbal supplements?,Fosfomycin,Interaction,brimonidine
419,what is Cefixime >65?,Cefixime,Information,Prevnar
420,where yo get Fosfomycins,Fosfomycin,Information,tetanus shot
423,"for a ""rinse,"" how many ""cc"" should be ""used?f"" lidocaine lidocaine used",Nitrofurantoin,Usage,lidocaine rinse
426,what does the pill Doxycycline look like,Doxycycline,Appearance,oxybutynin
428,what pills are not compatible with Trimethoprim-sulfamethoxazole,Trimethoprim-sulfamethoxazole,Interaction,hydrocodone
433,blood pressure when on Amoxicillin,Amoxicillin,Side effects,Eliquis
434,what do i mix Azithromycin with in my nebulizer?,Azithromycin,Usage,albuterol sulfate inhalation solution
435,what color Cefotaxime,Cefotaxime,Appearance,metoprolol
437,what ppis this medication for simvastatin,Clarithromycin,Interaction,"simvastatin, PPI"
438,how to give Levofloxacin,Levofloxacin,Usage,insulin
442,will Ciprofloxacin exacerbate heart arrhythmias?,Ciprofloxacin,Side effects,citalopram
445,"what is an esi shot in the ""back?"" epidural steroids shot in the ""back?""",Cefuroxime,Information,epidural steroid injection (ESI)
446,what is medication for singular 10 mg.,Cefuroxime,Indication,Singulair
447,"Cefotaxime, 75 mg. how much is to much",Cefotaxime,Overdose,diclofenac sodium
448,what upis this medication for Trimethoprim-sulfamethoxazole,Trimethoprim-sulfamethoxazole,unanswerable,simvastatin
449,"any ""side effects"" when stop taking Nitrofurantoin",Nitrofurantoin,Stopping/side effects,clopidogrel
450,can Azithromycin be used for medical reasons?,Azithromycin,Indication,hormonal contraceptives
452,what is Clarithromycin,Clarithromycin,Information,Nicoderm
454,what is Levofloxacin,Levofloxacin,Information,fluoride
457,is it safe to add peppermint essential oil in mouthwash?,Doxycycline,Side effects,peppermint oil
458,how to identify Amoxicillin tablets,Amoxicillin,Appearance,clonidine
459,Ciprofloxacin admin they injected into my kidney what will i do,Ciprofloxacin,Information,enoxaparin shot
463,Cefixime after dinner and bed time?,Cefixime,Usage,metformin
464,what is Fosfomycin,Fosfomycin,Information,cortisol
465,effects of salt of epson to diabetes?,Amoxicillin,Contraindication,Epsom salt
468,what is Clarithromycin,Clarithromycin,Information,prochlorperazine
469,what does Ciprofloxacin 1gm cure?,Ciprofloxacin,Indication,valacyclovir
472,is it safe to take Nitrofurantoin when breast feeding,Nitrofurantoin,Usage/special populations,toradol
475,what is contraindication of Cefuroxime,Cefuroxime,Contraindication,carbamazepine
476,what is Azithromycin,Azithromycin,Information,docusate sodium
477,what Fosfomycin looks like,Fosfomycin,Appearance,valacyclovir
478,what is insulin Doxycycline,Doxycycline,Information,glucagon
481,"why ""shouldn't"" i take gemfibrozil while taking lovastatin?",Cefixime,Interaction,gemfibrozil; lovastatin
482,Levofloxacin >65?,Levofloxacin,Indication,prevnar
483,how is Cefotaxime adminitsered,Cefotaxime,Usage,cyanocobalamin
485,what is Trimethoprim-sulfamethoxazole,Trimethoprim-sulfamethoxazole,Information,beta vulgaris
489,what medications can you not take with Cefixime,Cefixime,Interaction,grapefruit
492,what is Clarithromycin,Clarithromycin,Information,vancomycin
494,Ciprofloxacin for afibwhat are side effects,Ciprofloxacin,Side effects,amiodarone
495,"are you mentally ""i'll"" when you ""take Cefuroxime?""",Cefuroxime,Indication,fluoxetine
496,how to use Amoxicillin insulin pen,Amoxicillin,Usage,lantus solostar
501,what class is Fosfomycin,Fosfomycin,Information,diazepam
502,is estradiol transdermal patch bio-identical estrogen?,Azithromycin,Information,estradiol transdermal patch; estrogen
505,what does Nitrofurantoin do to the body,Nitrofurantoin,Side effects,prednisone
506,how to prescribe Cefotaxime,Cefotaxime,Usage,fluocinonide .05% gel
507,what to do with Levofloxacin poisoning,Levofloxacin,Overdose,hydrogen peroxide
511,how long are you protected after taking the hep b vaccine,Doxycycline,Time/effectiveness,hepatitits B vaccine
512,how you use for paracetamol,Trimethoprim-sulfamethoxazole,Usage,Acetaminophen
514,"problems when stopping Doxycycline, hair loss?",Doxycycline,Stopping/side effects,metformin
515,what is Levofloxacin used for,Levofloxacin,Indication,diclofenac sodium topical gel
516,what is rate for iv infusion Fosfomycin,Fosfomycin,Usage,cilastatin/imipenem
517,what is a Azithromycin,Azithromycin,Information,beta blocker
520,how does Cefotaxime i effect the nervous system,Cefotaxime,Side effects,cocaine
521,"are you able to take Cefixime if you have a heart ""transplant?""",Cefixime,Contraindication,guaifenesin
523,can i took Cefuroxime for acne when i have kidney stone,Cefuroxime,Contraindication,minocycline
524,what is Amoxicillin ?,Amoxicillin,Information,amlodipine
527,what is the medication riva-clonazepam,Clarithromycin,Information,RIVA-CLONAZEPAM (clonazepam)
532,if Trimethoprim-sulfamethoxazole is instilled in the wrong eye what happens,Trimethoprim-sulfamethoxazole,Usage,diclofenac
533,how other inject Nitrofurantoin to the knee,Nitrofurantoin,Information,cortisone
535,how long will Ciprofloxacin last on the shelf,Ciprofloxacin,Storage and disposal,benzonatate
536,Fosfomycin medication treats what disorder,Fosfomycin,Indication,tretinoin
538,what is clotrimazole betamethasone dipropionate cream,Doxycycline,Information,CLOTRIMAZOLE AND BETAMETHASONE DIPROPIONATE
539,what is Trimethoprim-sulfamethoxazole used for,Trimethoprim-sulfamethoxazole,Indication,triamcinolone acetonide
540,what is Levofloxacin,Levofloxacin,Information,benzodiazepines
541,whats Azithromycin,Azithromycin,Information,zithromax
546,how much gravol to kill you,Cefuroxime,Overdose,Dimenhydrinate
547,what are the side effects and long term consequences of using Amoxicillin,Amoxicillin,Side effects,nicotine
548,what are the side effects and long term consequences of using Cefixime,Cefixime,Long term consequences,nicotine
549,how is Nitrofurantoin taken,Nitrofurantoin,Information,nicotine
550,brinzolamide is brimodine?,Cefotaxime,Information,brinzolamide/brimodine
551,what does take drug with food mean?,Clarithromycin,Information,drug & food
557,heroin mixed with Ciprofloxacin what are the symptoms of an overdose,Ciprofloxacin,Overdose,fentanyl
558,Fosfomycin mixed with fentanyl what are the symptoms of an overdose,Fosfomycin,Overdose,heroin
559,heroin mixed with fentanyl what are the symptoms of an overdose,Cefuroxime,Interaction,"heroin, fentanyl"
560,is Ciprofloxacin addictive?,Ciprofloxacin,Side effects,pramipexole
562,how long will the Trimethoprim-sulfamethoxazole stay good,Trimethoprim-sulfamethoxazole,Storage and disposal,cyanocobalamin
564,Amoxicillin caps 200 mg what is it for,Amoxicillin,Indication,celebrex
566,what does Cefotaxime look like,Cefotaxime,Appearance,vicodin
570,what is Cefixime used for,Cefixime,Indication,xifaxan
572,what happens when you mix cymbalta with muscle relaxes,Doxycycline,Interaction,"cymbalta, muscle relaxants"
575,how to take Clarithromycin,Clarithromycin,Usage,clotrimazole
576,how to apply Azithromycin patch on chest,Azithromycin,Usage,clonidine
577,do patients get better medication deposition when using a Nitrofurantoin?,Nitrofurantoin,Information,spacer
578,what color is the Levofloxacin,Levofloxacin,Appearance,clonazepam
579,how 9is Clarithromycin adminitsered,Clarithromycin,Usage,cyanocobalamin
581,i need to know how to use this medication Nitrofurantoin,Nitrofurantoin,Usage,ultibro
584,show me Doxycycline,Doxycycline,Appearance,omeprazole
585,what is Cefixime medicine,Cefixime,Appearance,u02
588,what size bottle does Cefotaxime come in,Cefotaxime,Storage and disposal,latanoprost ophthalmic
589,how is bcg vaccine stored,Fosfomycin,Storage and disposal,bsg vaccine
590,what is Azithromycin (rzv) recombinant vaccine,Azithromycin,Information,shingrix
593,how often can a prescription of Levofloxacin be called in,Levofloxacin,Usage,fentanyl
595,"how should i dilute Cefuroxime ""infection?""",Cefuroxime,Usage,ceftriaxone
598,how can i split a 3mg or 4mg waefin pill so i can get a 2.5mg pill,Ciprofloxacin,Usage,warfarin
601,ok to use expired Trimethoprim-sulfamethoxazole patches??,Trimethoprim-sulfamethoxazole,Storage and disposal,lidocaine
603,why take Amoxicillin,Amoxicillin,Indication,simvastatin
604,what is the medication thera tab used to treat?,Cefuroxime,Indication,Thera-Tabs
606,what spices can be used while on warfarin,Amoxicillin,Interaction,warfarin; spices
607,how do Azithromycin effect the digestive system,Azithromycin,Side effects,steroids
608,how do Nitrofurantoin effect the digestive system,Nitrofurantoin,Side effects,steroids
610,what should i do if i just started taking an antibiotic and i am experiencing diahreea,Cefotaxime,Side effects,antibiotics
613,"Clarithromycin in patients with neurogenic detrusor ""over activity:"" is dose titration of benefit to the ""patients?""",Clarithromycin,Usage,trospium chloride
614,what is the purpose or desired effect of Doxycycline,Doxycycline,Indication,aspirin
615,Fosfomycin 40mcg what is it doe,Fosfomycin,Indication,QVAR
617,what is the effect of eliquis and cialis,Cefixime,Interaction,eliquis; cialis
618,Ciprofloxacin 0.5-0.4 mg capsule?,Ciprofloxacin,Information,jalyn
619,Trimethoprim-sulfamethoxazole?,Trimethoprim-sulfamethoxazole,Information,topiramate
620,"show Levofloxacin 30mg ""tab/accord"" healthcare",Levofloxacin,Appearance,spironolactone
622,exercise restrictions with taking Ciprofloxacin?,Ciprofloxacin,Usage,moxifloxacin
624,vaccine when pregnant,Cefotaxime,Information,vaccination
626,pneumonia vaccine is good for how long?,Nitrofurantoin,Usage/duration,Pneumococcal Vaccines
627,pneumonia vaccine is good for how long?,Cefixime,Storage and disposal,Pneumococcal Vaccines
628,how often should adult take pneumonia vaccine,Amoxicillin,Usage/duration,Pneumococcal Vaccines
630,what happens if voiting happens after taking a medication,Clarithromycin,Information,vomiting of medication
632,Azithromycin >65what is this vaccine used for?,Azithromycin,Indication,prevnar
633,what is clotrimazole and betamethasone dipropionage cream,Cefuroxime,Information,clotrimazole and betamethasone dipropionate
634,levodopa carbidopa what will these drugs do to me if i take alcohol,Doxycycline,Interaction,llevodopa and carbidopa; alcohol
639,what is the expiration time for fluorouracil topical cream,Fosfomycin,Storage and disposal,fluorouracil cream
641,what medications could cause excessive hair growth,Levofloxacin,Side effects,drugs that cause hirsutism
642,what is Trimethoprim-sulfamethoxazole,Trimethoprim-sulfamethoxazole,Information,formoterol
643,what painkillers can i take when taking rivaroxaban,Azithromycin,Interaction,"rivaroxaban, painkillers"
646,what types of steroids shots are there,Amoxicillin,Information,steroid injections
647,what are some side effects Cefixime,Cefixime,Side effects,nicoderm
648,warfarin and cabbage?,Fosfomycin,Interaction,warfarin; cabbage
650,Clarithromycin calcium what are the side effects,Clarithromycin,Side effects,rosuvastatin
651,what is the protocol for adding Levofloxacin for type2 diabetics,Levofloxacin,Usage,insulin
653,what is insuline and glucagon,Cefuroxime,Information,glucagon & insulin
657,can you take ultram with ibuprofen?,Cefotaxime,Interaction,ultram ; ibuprofen
658,is Doxycycline a chemo drug??,Doxycycline,Information,herceptin
659,Trimethoprim-sulfamethoxazole is good for what?,Trimethoprim-sulfamethoxazole,Indication,bupropion hcl 300mg
660,Ciprofloxacin (90714)what is a tad vaccine,Ciprofloxacin,Information,td vaccine
661,what size syringe to use for testosterone inject,Nitrofurantoin,Usage,testosterone injection
662,how much weight gain with Doxycycline,Doxycycline,Side effects,carvedilol
663,is Azithromycin good for heartburn?,Azithromycin,Indication,dicyclomine
664,what are Cefuroxime,Cefuroxime,Information,iron injections
667,when taking plavix and xarelto blood thinners is it safe to take dilaudid for pain,Nitrofurantoin,Interaction,"plavix, xarelto,  dilaudid"
668,is erythromycin ophthalmic ointment good for inflamed eyelids?,Amoxicillin,Indication,erythromycin ointment
669,how should i dilute Levofloxacin?,Levofloxacin,Usage,ceftriaxone injection
670,symptoms from taking multiple doses of Ciprofloxacin 40 mg per dayproblems with taking Ciprofloxacin 40mg twice daily ?,Ciprofloxacin,Side effects,lasix
671,how long for allergic reaction after using Cefotaxime,Cefotaxime,Side effects/time,nivolumab
672,where does Trimethoprim-sulfamethoxazole come from,Trimethoprim-sulfamethoxazole,Information,fluorouracil
673,where does Fosfomycin come from,Fosfomycin,Manufacturer,fluorouracil
678,how is Clarithromycin administered,Clarithromycin,Usage,tocilizumab
679,what is Cefixime ointment used for,Cefixime,Indication,diclofenac
680,Azithromycin is for what sexual diseases,Azithromycin,Indication,cephalexin
681,what is Clarithromycin,Clarithromycin,Information,terfenadine
682,what is Fosfomycin,Fosfomycin,Information,bisolvon
684,what are the side effects of taking the two medication amlodipine metoprolol together,Amoxicillin,Interaction,amlodipine; metoprolol
687,why am i so cold taking Ciprofloxacin b p med,Ciprofloxacin,Side effects,bystolic
689,is it alright to use fluticasone when using oxygen,Cefuroxime,Interaction,"fluticasone, oxygen"
