SideEffect ID,Antibiotic ID,SE Name,Pattern,SE Description ,Reference ID
SE001,A001,Anorexia,Not Specified,SE Description 1,"R001
R031"
SE002,A001,Nausea,Not Specified,SE Description 2,R001
SE003,A001,Vomiting,Not Specified,SE Description 3,R001
SE004,A001,Diarrhea,Infrequent,SE Description 4,"R001
R031"
SE005,A001,Glossitis,Not Specified,SE Description 5,R001
SE006,A001,Dysphagia,Not Specified,SE Description 6,R001
SE007,A001,Enterocolitis,Not Specified,SE Description 7,R001
SE008,A001,Inflammatory Lesions (with monilial overgrowth),Not Specified,SE Description 8,R001
SE009,A001,Hepatotoxicity,Rare,SE Description 9,R001
SE010,A001,Esophagitis,Rare,SE Description 10,R001
SE011,A001,Esophageal Ulcerations,Rare,SE Description 11,R001
SE012,A001,Maculopapular Rashes,Not Specified,SE Description 12,R001
SE013,A001,Erythmeatous Rashes,Not Specified,SE Description 13,R001
SE014,A001,Exfoliative Dermatitis,Uncommon,SE Description 14,R001
SE015,A001,Rise in BUN,Not Specified,SE Description 15,R001
SE016,A001,Urticaria,Not Specified,SE Description 16,R001
SE017,A001,Angioneurotic Edema,Not Specified,SE Description 17,R001
SE018,A001,Anaphylaxis,Not Specified,SE Description 18,R001
SE019,A001,Anaphylactoid Purpura,Not Specified,SE Description 19,R001
SE020,A001,Serum Sickness,Not Specified,SE Description 20,R001
SE021,A001,Pericarditis,Not Specified,SE Description 21,R001
SE022,A001,Exacerbation of Systemic Lupus Erythematosus,Not Specified,SE Description 22,R001
SE023,A001,Hemolytic Anemia,Not Specified,SE Description 23,R001
SE024,A001,Thrombocytopenia,Not Specified,SE Description 24,R001
SE025,A001,Neutropenia,Not Specified,SE Description 25,R001
SE026,A001,Eosinophilia,Not Specified,SE Description 26,R001
SE027,A001,Bulging Fontanels,Not Specified,SE Description 27,R001
SE028,A001,Intracranial Hypertension,Not Specified,SE Description 28,R001
SE029,A001,Brown-black Microscopic Discoloration of the Thyroid Gland,Not Specified,SE Description 29,R001
SE030,A002,Diarrhea ,Infrequent,SE Description 30,R002
SE031,A002,Anorexia,Not Specified,SE Description 31,R002
SE032,A002,Nausea,Not Specified,SE Description 32,R002
SE033,A002,Vomiting,Not Specified,SE Description 33,R002
SE034,A002,Glossitis,Not Specified,SE Description 34,R002
SE035,A002,Dysphagia,Not Specified,SE Description 35,R002
SE036,A002,Enterocolitis,Not Specified,SE Description 36,R002
SE037,A002,Inflammatory Lesions (with monilial overgrowth),Not Specified,SE Description 37,R002
SE038,A002,Pancreatitis,Not Specified,SE Description 38,R002
SE039,A002,Hepatotoxicity,Rare,SE Description 39,R002
SE040,A002,Superficial Discoloration of Adult Permanent Dentition,Not Specified,SE Description 40,R002
SE041,A002,Permanent Tooth Discoloration,Not Specified,SE Description 41,R002
SE042,A002,Enamel Hypoplasia,Not Specified,SE Description 42,R002
SE043,A002,Toxic Epidermal Necrolysis,Not Specified,SE Description 43,R002
SE044,A002,Stevens-Johnson Syndrome,Not Specified,SE Description 44,R002
SE045,A002,Erythema Multiforme,Not Specified,SE Description 45,R002
SE046,A002,Skin Hyperpigmentation,Not Specified,SE Description 46,R002
SE047,A002,Maculopapular Rashes,Not Specified,SE Description 47,R002
SE048,A002,Erythematous Rashes,Not Specified,SE Description 48,R002
SE049,A002,Exfoliative Dermatitis,Uncommon,SE Description 49,R002
SE050,A002,Photosensitivity,Not Specified,SE Description 50,R002
SE051,A002,Rise in BUN,Dose-Related,SE Description 51,R002
SE052,A002,Urticaria,Not Specified,SE Description 52,R002
SE053,A002,Angioneurotic Edema,Not Specified,SE Description 53,R002
SE054,A002,Anaphylaxis,Not Specified,SE Description 54,R002
SE055,A002,Anaphylactoid Purpura,Not Specified,SE Description 55,R002
SE056,A002,Serum Sickness,Not Specified,SE Description 56,R002
SE057,A002,Pericarditis,Not Specified,SE Description 57,R002
SE058,A002,Exacerbation of Systemic Lupus Erythematosus,Not Specified,SE Description 58,R002
SE059,A002,Drug Reaction with Eosinophilia and Systemic Symptoms (DRESS),Not Specified,SE Description 59,R002
SE060,A002,Jarisch-Herxheimer Reaction,Not Specified,SE Description 60,R002
SE061,A002,Hemolytic Anemia,Not Specified,SE Description 61,R002
SE062,A002,Thrombocytopenia,Not Specified,SE Description 62,R002
SE063,A002,Neutropenia,Not Specified,SE Description 63,R002
SE064,A002,Eosinophilia,Not Specified,SE Description 64,R002
SE065,A002,Bulging Fontanels (Infants),Not Specified,SE Description 65,R002
SE066,A002,Intracranial Hypertension (Adults),Not Specified,SE Description 66,R002
SE067,A002,Thyroid Discoloration,Not Specified,SE Description 67,R002
SE068,A003,Anorexia,Not Specified,SE Description 68,R003
SE069,A003,Nausea,Not Specified,SE Description 69,R003
SE070,A003,Vomiting,Not Specified,SE Description 70,R003
SE071,A003,Diarrhea,Not Specified,SE Description 71,R003
SE072,A003,Glossitis,Not Specified,SE Description 72,R003
SE073,A003,Dysphagia,Not Specified,SE Description 73,R003
SE074,A003,Enterocolitis,Not Specified,SE Description 74,R003
SE075,A003,Inflammatory Lesions (with monilial overgrowth),Not Specified,SE Description 75,R003
SE076,A003,Maculopapular Rashes,Uncommon,SE Description 76,R003
SE077,A003,Erythematous Rashes,Uncommon,SE Description 77,R003
SE078,A003,Exfoliative Dermatitis,Uncommon,SE Description 78,R003
SE079,A003,Urticaria,Not Specified,SE Description 79,R003
SE080,A003,Angioneurotic Edema,Not Specified,SE Description 80,R003
SE081,A003,Anaphylaxis,Not Specified,SE Description 81,R003
SE082,A003,Anaphylactoid Purpura,Not Specified,SE Description 82,R003
SE083,A003,Pericarditis,Not Specified,SE Description 83,R003
SE084,A003,Exacerbation of Systemic Lupus Erythematosus,Not Specified,SE Description 84,R003
SE085,A003,Bulging Fontanels,Not Specified,SE Description 85,R003
SE086,A003,Hemolytic Anemia,Not Specified,SE Description 86,R003
SE087,A003,Thrombocytopenia,Not Specified,SE Description 87,R003
SE088,A003,Neutropenia,Not Specified,SE Description 88,R003
SE089,A003,Eosinophilia,Not Specified,SE Description 89,R003
SE090,A004,Insomnia,Common,SE Description 90,R004
SE091,A004,Headache,Common,SE Description 91,R004
SE092,A004,Dizziness,Common,SE Description 92,R004
SE093,A004,Dyspnea,Not Specified,SE Description 93,R004
SE094,A004,Nausea,Common,SE Description 94,R004
SE095,A004,Diarrhea,Common,SE Description 95,R004
SE096,A004,Constipation,Common,SE Description 96,R004
SE097,A004,Abdominal Pain,Not Specified,SE Description 97,R004
SE098,A004,Vomiting,Not Specified,SE Description 98,R004
SE099,A004,Dyspepsia,Not Specified,SE Description 99,R004
SE100,A004,Rash,Not Specified,SE Description 100,R004
SE101,A004,Pruritus,Not Specified,SE Description 101,R004
SE102,A004,Vaginitis,Not Specified,SE Description 102,R004
SE103,A004,Edema,Not Specified,SE Description 103,R004
SE104,A004,Chest Pain,Not Specified,SE Description 104,R004
SE105,A004,Anemia,Not Specified,SE Description 105,R004
SE106,A004,Thrombocytopenia,Not Specified,SE Description 106,R004
SE107,A004,Granulocytopenia,Not Specified,SE Description 107,R004
SE108,A004,Hyperglycemia,Not Specified,SE Description 108,R004
SE109,A004,Hypoglycemia,Not Specified,SE Description 109,R004
SE110,A004,Anxiety,Not Specified,SE Description 110,R004
SE111,A004,Agitation,Not Specified,SE Description 111,R004
SE112,A004,Confusion,Not Specified,SE Description 112,R004
SE113,A004,Abnormal Dreams,Not Specified,SE Description 113,R004
SE114,A004,Tremor,Not Specified,SE Description 114,R004
SE115,A004,Paresthesia,Not Specified,SE Description 115,R004
SE116,A004,Vertigo,Not Specified,SE Description 116,R004
SE117,A004,Abnormal Gait,Not Specified,SE Description 117,R004
SE118,A004,Somnolence,Not Specified,SE Description 118,R004
SE119,A004,Syncope,Not Specified,SE Description 119,R004
SE120,A004,Epistaxis,Not Specified,SE Description 120,R004
SE121,A004,Cardiac Arrest,Not Specified,SE Description 121,R004
SE122,A004,Palpitation,Not Specified,SE Description 122,R004
SE123,A004,Ventricular Tachycardia,Not Specified,SE Description 123,R004
SE124,A004,Ventricular Arrhythmia,Not Specified,SE Description 124,R004
SE125,A004,Gastritis,Not Specified,SE Description 125,R004
SE126,A004,Stomatitis,Not Specified,SE Description 126,R004
SE127,A004,Pancreatitis,Not Specified,SE Description 127,R004
SE128,A004,Esophagitis,Not Specified,SE Description 128,R004
SE129,A004,Gastroenteritis,Not Specified,SE Description 129,R004
SE130,A004,Glossitis,Not Specified,SE Description 130,R004
SE131,A004,Increased Hepatic Enzymes,Not Specified,SE Description 131,R004
SE132,A004,Increased Alkaline Phosphatase,Not Specified,SE Description 132,R004
SE133,A004,Urticaria,Not Specified,SE Description 133,R004
SE134,A004,Arthralgia,Not Specified,SE Description 134,R004
SE135,A004,Myalgia,Not Specified,SE Description 135,R004
SE136,A004,Skeletal Pain,Not Specified,SE Description 136,R004
SE137,A004,Abnormal Renal Function,Not Specified,SE Description 137,R004
SE138,A004,Acute Renal Failure,Not Specified,SE Description 138,R004
SE139,A005,Moniliasis,Common,SE Description 139,R005
SE140,A005,Insomnia,Common,SE Description 140,R005
SE141,A005,Headache,Common,SE Description 141,R005
SE142,A005,Dizziness,Common,SE Description 142,R005
SE143,A005,Dyspnea,Common,SE Description 143,R005
SE144,A005,Nausea,Common,SE Description 144,R005
SE145,A005,Diarrhea,Common,SE Description 145,R005
SE146,A005,Constipation,Common,SE Description 146,R005
SE147,A005,Abdominal Pain,Common,SE Description 147,R005
SE148,A005,Vomiting,Common,SE Description 148,R005
SE149,A005,Dyspepsia,Common,SE Description 149,R005
SE150,A005,Rash,Common,SE Description 150,R005
SE151,A005,Pruritus,Common,SE Description 151,R005
SE152,A005,Vaginitis,Common,SE Description 152,R005
SE153,A005,Edema,Common,SE Description 153,R005
SE154,A005,Chest Pain,Common,SE Description 154,R005
SE155,A005,Genital Moniliasis,Less Common,SE Description 155,R005
SE156,A005,Anemia,Less Common,SE Description 156,R005
SE157,A005,Thrombocytopenia,Less Common,SE Description 157,R005
SE158,A005,Granulocytopenia,Less Common,SE Description 158,R005
SE159,A005,Hyperglycemia,Less Common,SE Description 159,R005
SE160,A005,Hypoglycemia,Less Common,SE Description 160,R005
SE161,A005,Hyperkalemia,Less Common,SE Description 161,R005
SE162,A005,Anxiety,Less Common,SE Description 162,R005
SE163,A005,Agitation,Less Common,SE Description 163,R005
SE164,A005,Confusion,Less Common,SE Description 164,R005
SE165,A005,Depression,Less Common,SE Description 165,R005
SE166,A005,Hallucination,Less Common,SE Description 166,R005
SE167,A005,Nightmare,Less Common,SE Description 167,R005
SE168,A005,Sleep Disorder,Less Common,SE Description 168,R005
SE169,A005,Anorexia,Less Common,SE Description 169,R005
SE170,A005,Abnormal Dreaming,Less Common,SE Description 170,R005
SE171,A005,Tremor,Less Common,SE Description 171,R005
SE172,A005,Convulsions,Less Common,SE Description 172,R005
SE173,A005,Paresthesia,Less Common,SE Description 173,R005
SE174,A005,Vertigo,Less Common,SE Description 174,R005
SE175,A005,Hypertonia,Less Common,SE Description 175,R005
SE176,A005,Hyperkinesias,Less Common,SE Description 176,R005
SE177,A005,Abnormal Gait,Less Common,SE Description 177,R005
SE178,A005,Somnolence,Less Common,SE Description 178,R005
SE179,A005,Syncope,Less Common,SE Description 179,R005
SE180,A005,Epistaxis,Less Common,SE Description 180,R005
SE181,A005,Cardiac Arrest,Less Common,SE Description 181,R005
SE182,A005,Palpitation,Less Common,SE Description 182,R005
SE183,A005,Venticular Tachycardia,Less Common,SE Description 183,R005
SE184,A005,Venticular Arrhythmia,Less Common,SE Description 184,R005
SE185,A005,Phlebitis,Less Common,SE Description 185,R005
SE186,A005,Gastritis,Less Common,SE Description 186,R005
SE187,A005,Stomatitis,Less Common,SE Description 187,R005
SE188,A005,Pancreatitis,Less Common,SE Description 188,R005
SE189,A005,Esophagitis,Less Common,SE Description 189,R005
SE190,A005,Gastroenteritis,Less Common,SE Description 190,R005
SE191,A005,Glossitis,Less Common,SE Description 191,R005
SE192,A005,Pseudomembranous / C. difficile colitis,Less Common,SE Description 192,R005
SE193,A005,Abnormal Hepatic Function,Less Common,SE Description 193,R005
SE194,A005,Increased Hepatic Enzymes,Less Common,SE Description 194,R005
SE195,A005,Increased Alkaline Phosphatase,Less Common,SE Description 195,R005
SE196,A005,Urticaria,Less Common,SE Description 196,R005
SE197,A005,Arthralgia,Less Common,SE Description 197,R005
SE198,A005,Tendonitis,Less Common,SE Description 198,R005
SE199,A005,Myalgia,Less Common,SE Description 199,R005
SE200,A005,Skeletal Pain,Less Common,SE Description 200,R005
SE201,A005,Abnormal Renal Function,Less Common,SE Description 201,R005
SE202,A005,Acute Renal Failure,Less Common,SE Description 202,R005
SE203,A006,Irreversible Peripheral Neuropathy,Not Specified,SE Description 203,R006
SE204,A006,Central Nervous System Toxicity,Not Specified,SE Description 204,R006
SE205,A006,Cardiovascular Toxicity,Not Specified,SE Description 205,R006
SE206,A006,Tendon/Articular Toxicity,Not Specified,SE Description 206,R006
SE207,A006,Hepatic Toxicity,Not Specified,SE Description 207,R006
SE208,A006,Toxic Epidermal Necrolysis,Not Specified,SE Description 208,R006
SE209,A006,Coagulation Abnormalities,Not Specified,SE Description 209,R006
SE210,A006,Pancytopenia,Not Specified,SE Description 210,R006
SE211,A006,Liver Damage,Not Specified,SE Description 211,R006
SE212,A006,Dysglycemia,Not Specified,SE Description 212,R006
SE213,A006,Autoimmune Hemolytic Anemia,Not Specified,SE Description 213,R006
SE214,A006,Tendinopathy,Not Specified,SE Description 214,R006
SE215,A006,Prolongation of the QT Interval,Not Specified,SE Description 215,R006
SE216,A006,Hematologic Reactions,Not Specified,SE Description 216,R006
SE217,A006,Renal Toxicities,Not Specified,SE Description 217,R006
SE218,A006,Allergic Pneumonitis,Not Specified,SE Description 218,R006
SE219,A006,Anaphylactic Shock,Not Specified,SE Description 219,R006
SE220,A006,Anaphylactoid Reaction,Not Specified,SE Description 220,R006
SE221,A006,Dysphonia,Not Specified,SE Description 221,R006
SE222,A006,Abnormal EEG,Not Specified,SE Description 222,R006
SE223,A006,Encephalopathy,Not Specified,SE Description 223,R006
SE224,A006,Eosinophilia,Not Specified,SE Description 224,R006
SE225,A006,Erythema Multiforme,Not Specified,SE Description 225,R006
SE226,A006,Hemolytic Anemia,Not Specified,SE Description 226,R006
SE227,A006,Increased International Normalized Ratio (INR)/Prothrombin Time,Not Specified,SE Description 227,R006
SE228,A006,Peripheral Neuropathy,Not Specified,SE Description 228,R006
SE229,A006,Rhabdomyolysis,Not Specified,SE Description 229,R006
SE230,A006,Stevens-Johnson Syndrome,Not Specified,SE Description 230,R006
SE231,A006,Tendon Rupture,Not Specified,SE Description 231,R006
SE232,A006,Torsades De Pointes,Not Specified,SE Description 232,R006
SE233,A006,Vasodilation,Not Specified,SE Description 233,R006
SE234,A007,Skin Rashes,Common,SE Description 234,R007
SE235,A007,Urticaria,Common,SE Description 235,R007
SE236,A007,Eosinophilia,Common,SE Description 236,R007
SE237,A007,Fever,Common,SE Description 237,R007
SE238,A007,Reactions Resembling Serum Sickness,Common,SE Description 238,R007
SE239,A007,Anaphylaxis,Common,SE Description 239,R007
SE240,A007,Arrythmias,Not Specified,SE Description 240,R007
SE241,A008,Nausea,Not Specified,SE Description 241,R008
SE242,A008,Vomiting,Not Specified,SE Description 242,R008
SE243,A008,Diarrhea,Not Specified,SE Description 243,R008
SE244,A008,Abdominal Pain,Not Specified,SE Description 244,R008
SE245,A008,Headache,Rare,SE Description 245,R008
SE246,A008,Taste Disturbances,Rare,SE Description 246,R008
SE247,A008,Palpitation,Not Specified,SE Description 247,R008
SE248,A008,Chest Pain,Not Specified,SE Description 248,R008
SE249,A008,Dyspepsia,Not Specified,SE Description 249,R008
SE250,A008,Flatulence,Not Specified,SE Description 250,R008
SE251,A008,Melena,Not Specified,SE Description 251,R008
SE252,A008,Cholestatic Jaundice,Not Specified,SE Description 252,R008
SE253,A008,Monilia,Not Specified,SE Description 253,R008
SE254,A008,Vaginitis,Not Specified,SE Description 254,R008
SE255,A008,Nephritis,Not Specified,SE Description 255,R008
SE256,A008,Dizziness,Not Specified,SE Description 256,R008
SE257,A008,Vertigo,Not Specified,SE Description 257,R008
SE258,A008,Fatigue,Not Specified,SE Description 258,R008
SE259,A008,Rash,Not Specified,SE Description 259,R008
SE260,A008,Pruritus,Not Specified,SE Description 260,R008
SE261,A008,Photosensitivity,Not Specified,SE Description 261,R008
SE262,A008,Angioedema,Not Specified,SE Description 262,R008
SE263,A008,Severe Hypersensitivity Reactions,Rare,SE Description 263,R008
SE264,A008,Neutrophil Count Reduction,Not Specified,SE Description 264,R008
SE265,A008,Somnolence,Not Specified,SE Description 265,R008
SE266,A009,Candidiasis,Uncommon,SE Description 266,R009
SE267,A009,Vaginal Infection,Uncommon,SE Description 267,R009
SE268,A009,Pneumonia,Uncommon,SE Description 268,R009
SE269,A009,Fungal Infections,Uncommon,SE Description 269,R009
SE270,A009,Bacterial Infection,Uncommon,SE Description 270,R009
SE271,A009,Pharyngitis,Uncommon,SE Description 271,R009
SE272,A009,Gastroenteritis,Uncommon,SE Description 272,R009
SE273,A009,Respiratory Disorder,Uncommon,SE Description 273,R009
SE274,A009,Rhinitis,Uncommon,SE Description 274,R009
SE275,A009,Oral Candidiasis,Uncommon,SE Description 275,R009
SE276,A009,Pseudomembranous Colitis,Not Specified,SE Description 276,R009
SE277,A009,Leukopenia,Uncommon,SE Description 277,R009
SE278,A009,Neutropenia,Uncommon,SE Description 278,R009
SE279,A009,Eosinophilia,Uncommon,SE Description 279,R009
SE280,A009,Thrombocytopenia,Not Specified,SE Description 280,R009
SE281,A009,Haemolytic Anaemia,Not Specified,SE Description 281,R009
SE282,A009,Angioedema,Uncommon,SE Description 282,R009
SE283,A009,Hypersensitivity Reaction,Uncommon,SE Description 283,R009
SE284,A009,Anaphylactic Shock,Not Specified,SE Description 284,R009
SE285,A009,Anorexia,Common,SE Description 285,R009
SE286,A009,Nervousness,Uncommon,SE Description 286,R009
SE287,A009,Insomnia,Uncommon,SE Description 287,R009
SE288,A009,Agitation,Rare,SE Description 288,R009
SE289,A009,Aggression,Not Specified,SE Description 289,R009
SE290,A009,Anxiety,Not Specified,SE Description 290,R009
SE291,A009,Delirium,Not Specified,SE Description 291,R009
SE292,A009,Hallucination,Not Specified,SE Description 292,R009
SE293,A009,Headache,Common,SE Description 293,R009
SE294,A009,Dizziness,Uncommon,SE Description 294,R009
SE295,A009,Somnolence,Uncommon,SE Description 295,R009
SE296,A009,Dysgeusia,Uncommon,SE Description 296,R009
SE297,A009,Paraesthesia,Uncommon,SE Description 297,R009
SE298,A009,Syncope,Not Specified,SE Description 298,R009
SE299,A009,Convulsions,Not Specified,SE Description 299,R009
SE300,A009,Hypoaesthesia,Not Specified,SE Description 300,R009
SE301,A009,Psychomotor Hyperactivity,Not Specified,SE Description 301,R009
SE302,A009,Anosmia,Not Specified,SE Description 302,R009
SE303,A009,Ageusia,Not Specified,SE Description 303,R009
SE304,A009,Parosmia,Not Specified,SE Description 304,R009
SE305,A009,Myasthenia Gravis,Not Specified,SE Description 305,R009
SE306,A009,Visual Impairment,Uncommon,SE Description 306,R009
SE307,A009,Blurred Vision,Not Specified,SE Description 307,R009
SE308,A009,Ear Disorder,Uncommon,SE Description 308,R009
SE309,A009,Vertigo,Uncommon,SE Description 309,R009
SE310,A009,Palpitation,Uncommon,SE Description 310,R009
SE311,A009,Hot Flush,Uncommon,SE Description 311,R009
SE312,A009,Dyspnea,Uncommon,SE Description 312,R009
SE313,A009,Epistaxis,Uncommon,SE Description 313,R009
SE314,A009,Constipation,Uncommon,SE Description 314,R009
SE315,A009,Flatulence,Uncommon,SE Description 315,R009
SE316,A009,Dyspepsia,Uncommon,SE Description 316,R009
SE317,A009,Gastritis,Uncommon,SE Description 317,R009
SE318,A009,Dysphagia,Uncommon,SE Description 318,R009
SE319,A009,Abdominal Distension,Uncommon,SE Description 319,R009
SE320,A009,Dry Mouth,Uncommon,SE Description 320,R009
SE321,A009,Eructation,Uncommon,SE Description 321,R009
SE322,A009,Mouth Ulceration,Uncommon,SE Description 322,R009
SE323,A009,Salivary Hypersecretion,Uncommon,SE Description 323,R009
SE324,A009,Pancreatitis,Not Specified,SE Description 324,R009
SE325,A009,Tongue Discoloration,Not Specified,SE Description 325,R009
SE326,A009,Hepatic Function Abnormal ,Rare,SE Description 326,R009
SE327,A009,Jaundice Cholestatic,Rare,SE Description 327,R009
SE328,A009,Hepatic Failure,Not Specified,SE Description 328,R009
SE329,A009,Hepatitis Fulminant,Not Specified,SE Description 329,R009
SE330,A009,Hepatic Necrosis,Not Specified,SE Description 330,R009
SE331,A009,Rash,Uncommon,SE Description 331,R009
SE332,A009,Pruritus,Uncommon,SE Description 332,R009
SE333,A009,Urticaria,Uncommon,SE Description 333,R009
SE334,A009,Dermatitis,Uncommon,SE Description 334,R009
SE335,A009,Dry Skin,Uncommon,SE Description 335,R009
SE336,A009,Hyperhidrosis,Uncommon,SE Description 336,R009
SE337,A009,Photosensitivity,Rare,SE Description 337,R009
SE338,A009,Acute Generalised Exanthematous Pustulosis (AGEP),Rare,SE Description 338,R009
SE339,A009,Drug Reaction with Eosinophilia and Systemic Symptoms (DRESS),Very Rare,SE Description 339,R009
SE340,A009,Stevens-Johnson Syndrome,Not Specified,SE Description 340,R009
SE341,A009,Toxic Epidermal Necrolysis,Not Specified,SE Description 341,R009
SE342,A009,Erythema Multiforme,Not Specified,SE Description 342,R009
SE343,A009,Osteoarthritis,Uncommon,SE Description 343,R009
SE344,A009,Myalgia,Uncommon,SE Description 344,R009
SE345,A009,Back Pain,Uncommon,SE Description 345,R009
SE346,A009,Neck Pain,Uncommon,SE Description 346,R009
SE347,A009,Arthralgia,Common,SE Description 347,R009
SE348,A009,Dysuria,Uncommon,SE Description 348,R009
SE349,A009,Renal Pain,Uncommon,SE Description 349,R009
SE350,A009,Renal Failure Acute,Not Specified,SE Description 350,R009
SE351,A009,Nephritis Interstitial,Not Specified,SE Description 351,R009
SE352,A009,Metorrhagia,Uncommon,SE Description 352,R009
SE353,A009,Testicular Disorder,Uncommon,SE Description 353,R009
SE354,A009,Oedema,Uncommon,SE Description 354,R009
SE355,A009,Asthenia,Uncommon,SE Description 355,R009
SE356,A009,Malaise,Uncommon,SE Description 356,R009
SE357,A009,Fatigue,Common,SE Description 357,R009
SE358,A009,Face Oedema,Uncommon,SE Description 358,R009
SE359,A009,Chest Pain,Uncommon,SE Description 359,R009
SE360,A009,Pyrexia,Uncommon,SE Description 360,R009
SE361,A009,Pain,Uncommon,SE Description 361,R009
SE362,A009,Peripheral Oedema,Uncommon,SE Description 362,R009
SE363,A009,Lymphocyte Count Decreased,Common,SE Description 363,R009
SE364,A009,Eosinophil Count Increased,Common,SE Description 364,R009
SE365,A009,Blood Bicarbonate Decreased,Common,SE Description 365,R009
SE366,A009,Basophilis Increased,Common,SE Description 366,R009
SE367,A009,Monocytes Increased ,Common,SE Description 367,R009
SE368,A009,Neutrophils Increased,Common,SE Description 368,R009
SE369,A009,Aspartate Aminotransferase Increased,Uncommon,SE Description 369,R009
SE370,A009,Alanine Aminotransferase Increased,Uncommon,SE Description 370,R009
SE371,A009,Blood Bilirubin Increased,Uncommon,SE Description 371,R009
SE372,A009,Blood Urea Increased,Uncommon,SE Description 372,R009
SE373,A009,Blood Creatinine Increased,Uncommon,SE Description 373,R009
SE374,A009,Blood Potassium Abnormal,Uncommon,SE Description 374,R009
SE375,A009,Blood Alkaline Phosphatase Increased,Uncommon,SE Description 375,R009
SE376,A009,Chloride Increased,Uncommon,SE Description 376,R009
SE377,A009,Glucose Increased,Uncommon,SE Description 377,R009
SE378,A009,Platelets Increased,Uncommon,SE Description 378,R009
SE379,A009,Haematocrit Decreased,Uncommon,SE Description 379,R009
SE380,A009,Bicarbonate Increased,Uncommon,SE Description 380,R009
SE381,A009,Abnormal Sodium,Uncommon,SE Description 381,R009
SE382,A009,Post Procedural Complication,Uncommon,SE Description 382,R009
SE383,A009,Deafness,Common,SE Description 383,R009
SE384,A009,Hearing Impaired,Uncommon,SE Description 384,R009
SE385,A009,Tinnitus,Uncommon,SE Description 385,R009
SE386,A010,Angioedema,Serious,SE Description 386,R010
SE387,A010,Cholestatic Jaundice,Serious,SE Description 387,R010
SE388,A010,Nausea,Serious,SE Description 388,R010
SE389,A010,Vomiting,Serious,SE Description 389,R010
SE390,A010,Diarrhea,Serious,SE Description 390,R010
SE391,A010,Abdominal Pain,Serious,SE Description 391,R010
SE392,A010,Diarrhea,Not Specified,SE Description 392,R010
SE393,A010,Palpitation,Not Specified,SE Description 393,R010
SE394,A010,Chest Pain,Not Specified,SE Description 394,R010
SE395,A010,Dyspepsia,Not Specified,SE Description 395,R010
SE396,A010,Flatulence,Not Specified,SE Description 396,R010
SE397,A010,Vomiting,Not Specified,SE Description 397,R010
SE398,A010,Melena,Not Specified,SE Description 398,R010
SE399,A010,Monilia,Not Specified,SE Description 399,R010
SE400,A010,Vaginitis,Not Specified,SE Description 400,R010
SE401,A010,Nephritis,Not Specified,SE Description 401,R010
SE402,A010,Dizziness,Not Specified,SE Description 402,R010
SE403,A010,Headache,Not Specified,SE Description 403,R010
SE404,A010,Vertigo,Not Specified,SE Description 404,R010
SE405,A010,Somnolence,Not Specified,SE Description 405,R010
SE406,A010,Fatigue,Not Specified,SE Description 406,R010
SE407,A010,Rash,Not Specified,SE Description 407,R010
SE408,A010,Photosensitivity,Not Specified,SE Description 408,R010
SE409,A010,Arthralgia,Not Specified,SE Description 409,R010
SE410,A010,Edema,Not Specified,SE Description 410,R010
SE411,A010,Urticaria,Not Specified,SE Description 411,R010
SE412,A010,Arrythmias,Not Specified,SE Description 412,R010
SE413,A010,Venticular Tachycardia,Not Specified,SE Description 413,R010
SE414,A010,Anorexia,Not Specified,SE Description 414,R010
SE415,A010,Hypotension,Not Specified,SE Description 415,R010
SE416,A010,Constipation,Not Specified,SE Description 416,R010
SE417,A010,Pseudomembranous Colitis,Not Specified,SE Description 417,R010
SE418,A010,Pancreatitis,Not Specified,SE Description 418,R010
SE419,A010,Oral Candidiasis,Not Specified,SE Description 419,R010
SE420,A010,Pylorix Stenosis,Not Specified,SE Description 420,R010
SE421,A010,Tongue Discoloration,Not Specified,SE Description 421,R010
SE422,A010,Asthenia,Not Specified,SE Description 422,R010
SE423,A010,Paraesthesia,Not Specified,SE Description 423,R010
SE424,A010,Malaise,Not Specified,SE Description 424,R010
SE425,A010,Anaphylaxis,Not Specified,SE Description 425,R010
SE426,A010,Intestinal Nephritis,Not Specified,SE Description 426,R010
SE427,A010,Acute Renal Failure,Not Specified,SE Description 427,R010
SE428,A010,Thrombocytopenia,Not Specified,SE Description 428,R010
SE429,A010,Abnormal Liver Function,Not Specified,SE Description 429,R010
SE430,A010,Hepatitis,Not Specified,SE Description 430,R010
SE431,A010,Hepatic Necrosis,Not Specified,SE Description 431,R010
SE432,A010,Hepatic Failure,Not Specified,SE Description 432,R010
SE433,A010,Convulsions,Not Specified,SE Description 433,R010
SE434,A010,Hyperactivity,Not Specified,SE Description 434,R010
SE435,A010,Nervousness,Not Specified,SE Description 435,R010
SE436,A010,Agitation,Not Specified,SE Description 436,R010
SE437,A010,Syncope,Not Specified,SE Description 437,R010
SE438,A010,Aggressive Reaction,Not Specified,SE Description 438,R010
SE439,A010,Anxiety,Not Specified,SE Description 439,R010
SE440,A010,Pruritus,Not Specified,SE Description 440,R010
SE441,A010,Erythema Multiforme,Not Specified,SE Description 441,R010
SE442,A010,Stevens-Johnson Syndrome,Not Specified,SE Description 442,R010
SE443,A010,Toxic Epidermal Necrolysis,Not Specified,SE Description 443,R010
SE444,A010,Hearing DIsturbances,Not Specified,SE Description 444,R010
SE445,A010,Hearing Loss,Not Specified,SE Description 445,R010
SE446,A010,Deafness,Not Specified,SE Description 446,R010
SE447,A010,Tinnitus,Not Specified,SE Description 447,R010
SE448,A010,Taste/Smell Perversion,Not Specified,SE Description 448,R010
SE449,A010,Headache,Not Specified,SE Description 449,R010
SE450,A010,Taste Disturbances,Rare,SE Description 450,R010
SE451,A011,Reversible Leukopenia,Very Rare,SE Description 451,R011
SE452,A011,Reversible Thrombocytopenia and Hemolytic Anemia,Very Rare,SE Description 452,R011
SE453,A011,Prolongation of Bleeding Time and Prothrombin Time,Very Rare,SE Description 453,R011
SE454,A011,Angioneurotic Edema,Very Rare,SE Description 454,R011
SE455,A011,Anaphylaxis,Very Rare,SE Description 455,R011
SE456,A011,Serum Sickness,Very Rare,SE Description 456,R011
SE457,A011,Hypersensitivity Vasculitis,Very Rare,SE Description 457,R011
SE458,A011,Hyperkinesia,Very Rare,SE Description 458,R011
SE459,A011,Dizziness,Very Rare,SE Description 459,R011
SE460,A011,Convulsions,Very Rare,SE Description 460,R011
SE461,A011,Mucocutaneous Candidiasis,Very Rare,SE Description 461,R011
SE462,A011,Diarrhea,Common,SE Description 462,R011
SE463,A011,Nausea,Common,SE Description 463,R011
SE464,A011,Vomiting,Uncommon,SE Description 464,R011
SE465,A011,Antibiotic-associated Colitis,Very Rare,SE Description 465,R011
SE466,A011,Black Hairy Tongue,Very Rare,SE Description 466,R011
SE467,A011,Skin Rash,Common,SE Description 467,R011
SE468,A011,Urticaria,Uncommon,SE Description 468,R011
SE469,A011,Pruritus,Uncommon,SE Description 469,R011
SE470,A011,Hepatitis,Very Rare,SE Description 470,R011
SE471,A011,Cholestatic Jaundice,Very Rare,SE Description 471,R011
SE472,A011,Moderate Rise in Aspartate Aminotransferase (AST) and/or Alanine Aminotransferase (ALT),Very Rare,SE Description 472,R011
SE473,A011,Erythema Multiforme,Very Rare,SE Description 473,R011
SE474,A011,Stevens-Johnson Syndrome,Very Rare,SE Description 474,R011
SE475,A011,Toxic Epidermal Necrolysis,Very Rare,SE Description 475,R011
SE476,A011,Bullous and Exfoliative Dermatitis,Very Rare,SE Description 476,R011
SE477,A011,Acute Generalised Exanthematous Pustulosis (AGEP),Very Rare,SE Description 477,R011
SE478,A011,Interstitial Nephritis,Very Rare,SE Description 478,R011
SE479,A011,Crystalluria,Very Rare,SE Description 479,R011
SE480,A012,Erythematous Maculopapular Rashes,Fairly Frequent,SE Description 480,R012
SE481,A012,Urticaria,Not Specified,SE Description 481,R012
SE482,A012,Erythema Multiforme,Not Specified,SE Description 482,R012
SE483,A012,Exfoliative Dermatitis,Occasional,SE Description 483,R012
SE484,A012,Anaphylaxis,Rare,SE Description 484,R012
SE485,A012,Glossitis,Common,SE Description 485,R012
SE486,A012,Stomatitis,Common,SE Description 486,R012
SE487,A012,Nausea,Common,SE Description 487,R012
SE488,A012,Vomiting,Common,SE Description 488,R012
SE489,A012,Enterocolitis,Common,SE Description 489,R012
SE490,A012,Diarrhea,Common,SE Description 490,R012
SE491,A012,Pseudomembranous Colitis,,SE Description 491,R012
SE492,A012,Moderate Rise in Aspartate Aminotransferase (AST) and/or Alanine Aminotransferase (ALT),Rare,SE Description 492,R012
SE493,A012,Anemia,Not Specified,SE Description 493,R012
SE494,A012,Thrombocytopenia,Not Specified,SE Description 494,R012
SE495,A012,Thrombocytopenic Purpura,Not Specified,SE Description 495,R012
SE496,A012,Eosinophilia,Not Specified,SE Description 496,R012
SE497,A012,Leukopenia,Not Specified,SE Description 497,R012
SE498,A012,Agranulocytosis,Not Specified,SE Description 498,R012
SE499,A012,Reversible Hyperactivity,Rare,SE Description 499,R012
SE500,A012,Agitation,Rare,SE Description 500,R012
SE501,A012,Anxiety,Rare,SE Description 501,R012
SE502,A012,Insomnia,Rare,SE Description 502,R012
SE503,A012,Confusion,Rare,SE Description 503,R012
SE504,A012,Behavioral Changes,Rare,SE Description 504,R012
SE505,A012,Dizziness,Rare,SE Description 505,R012
SE506,A013,Anaphylaxis,Not Specified,SE Description 506,R013
SE507,A013,Serum Sickness-like Reaction,Not Specified,SE Description 507,R013
SE508,A013,Angioedema,Not Specified,SE Description 508,R013
SE509,A013,Exanthema,Not Specified,SE Description 509,R013
SE510,A013,Stevens-Johnson Syndrome,Not Specified,SE Description 510,R013
SE511,A013,Toxic Epidermal Necrolysis,Not Specified,SE Description 511,R013
SE512,A013,Nausea,Not Specified,SE Description 512,R013
SE513,A013,Vomiting,Not Specified,SE Description 513,R013
SE514,A013,Diarrhea,Not Specified,SE Description 514,R013
SE515,A013,Black Hairy Tongue,Not Specified,SE Description 515,R013
SE516,A013,CDAD / Colitis,Not Specified,SE Description 516,R013
SE517,A013,Glossitis,Not Specified,SE Description 517,R013
SE518,A013,Stomatitis,Not Specified,SE Description 518,R013
SE519,A013,Epigastric Distress,Not Specified,SE Description 519,R013
SE520,A013,Gastritis,Not Specified,SE Description 520,R013
SE521,A013,Flatulence,Not Specified,SE Description 521,R013
SE522,A013,Loss of Appetite,Not Specified,SE Description 522,R013
SE523,A013,Dizziness,Not Specified,SE Description 523,R013
SE524,A013,Insomnia,Not Specified,SE Description 524,R013
SE525,A013,Confusion,Not Specified,SE Description 525,R013
SE526,A013,Convulsions,Not Specified,SE Description 526,R013
SE527,A013,Anemia,Not Specified,SE Description 527,R013
SE528,A013,Leukopenia,Not Specified,SE Description 528,R013
SE529,A013,Thrombocytopenia,Not Specified,SE Description 529,R013
SE530,A013,Cholestatic Jaundice,Not Specified,SE Description 530,R013
SE531,A013,Acute Interstitial Nephritis,Not Specified,SE Description 531,R013
SE532,A013,Crystalluria,Not Specified,SE Description 532,R013
SE533,A013,Tooth Discoloration,Not Specified,SE Description 533,R013
SE534,A014,Gastrointestinal Disturbances,Not Specified,SE Description 534,R014
SE535,A014,Taste Disturbances,Not Specified,SE Description 535,R014
SE536,A014,Stomatitis,Not Specified,SE Description 536,R014
SE537,A014,Glossitis,Not Specified,SE Description 537,R014
SE538,A014,Tooth Discoloration,Not Specified,SE Description 538,R014
SE539,A014,Transient Elevations of Liver Enzyme Values,Not Specified,SE Description 539,R014
SE540,A014,Cholestatic Jaundice,Not Specified,SE Description 540,R014
SE541,A014,Hepatitis,Not Specified,SE Description 541,R014
SE542,A014,Headache,Not Specified,SE Description 542,R014
SE543,A014,Rash,Not Specified,SE Description 543,R014
SE544,A014,Stevens-Johnson Syndrome,Not Specified,SE Description 544,R014
SE545,A014,Anxiety,Not Specified,SE Description 545,R014
SE546,A014,Dizziness,Not Specified,SE Description 546,R014
SE547,A014,Insomnia,Not Specified,SE Description 547,R014
SE548,A014,Hallucinations,Not Specified,SE Description 548,R014
SE549,A014,Confusion,Not Specified,SE Description 549,R014
SE550,A014,Hearing Loss,Not Specified,SE Description 550,R014
SE551,A014,Hypoglycemia,Not Specified,SE Description 551,R014
SE552,A014,Thrombocytopenia,Not Specified,SE Description 552,R014
SE553,A014,Interstitial Nephritis,Rare,SE Description 553,R014
SE554,A014,Renal Failure,Rare,SE Description 554,R014
SE555,A014,Thrombocytopenia Purpura,Not Specified,SE Description 555,R014
SE556,A014,Corneal Opacities,Not Specified,SE Description 556,R014
SE557,A014,Pseudomembranous Colitis,Not Specified,SE Description 557,R014
SE558,A014,Acute Psychoses,Not Specified,SE Description 558,R014
SE559,A014,Pancreatitis,Not Specified,SE Description 559,R014
SE560,A014,QT Prolongation,Not Specified,SE Description 560,R014
SE561,A014,Torsade de Pointes,Not Specified,SE Description 561,R014
SE562,A014,Fever,Not Specified,SE Description 562,R014
SE563,A014,Leukocytoclastic Vasculitis,Not Specified,SE Description 563,R014
SE564,A015,Injection Site Phlebitis,Not Specified,SE Description 564,R015
SE565,A015,Injection Site Pain,Not Specified,SE Description 565,R015
SE566,A015,Vessel Puncture Site Pain,Not Specified,SE Description 566,R015
SE567,A015,Injection Site Inflammation,Not Specified,SE Description 567,R015
SE568,A015,Rhabdomyolysis,Not Specified,SE Description 568,R015
SE569,A016,Diarrhea,Common,SE Description 569,R016
SE570,A016,Nausea,Common,SE Description 570,R016
SE571,A016,Vomiting,Common,SE Description 571,R016
SE572,A016,Abnormal Taste,Common,SE Description 572,R016
SE573,A016,Dyspepsia,Common,SE Description 573,R016
SE574,A016,Abdominal Pain/Discomfort,Common,SE Description 574,R016
SE575,A016,Rash,Common,SE Description 575,R016
SE576,A016,Headache,Common,SE Description 576,R016
SE577,A016,Candidiasis,Not Specified,SE Description 577,R016
SE578,A016,Cellulitis,Not Specified,SE Description 578,R016
SE579,A016,Erysipelas,Not Specified,SE Description 579,R016
SE580,A016,Erythrasma,Not Specified,SE Description 580,R016
SE581,A016,Infection,Not Specified,SE Description 581,R016
SE582,A016,Pseudomembranous Colitis,Not Specified,SE Description 582,R016
SE583,A016,Rhinitis,Not Specified,SE Description 583,R016
SE584,A016,Vaginal Candidiasis,Not Specified,SE Description 584,R016
SE585,A016,Vaginal Infection,Not Specified,SE Description 585,R016
SE586,A016,Anemia,Not Specified,SE Description 586,R016
SE587,A016,Agranulocytosis,Not Specified,SE Description 587,R016
SE588,A016,Eosinophilia,Not Specified,SE Description 588,R016
SE589,A016,Leukopenia,Not Specified,SE Description 589,R016
SE590,A016,Neutropenia,Not Specified,SE Description 590,R016
SE591,A016,Thrombocythemia,Not Specified,SE Description 591,R016
SE592,A016,Thrombocytopenia,Not Specified,SE Description 592,R016
SE593,A016,Anaphylactic Reaction,Not Specified,SE Description 593,R016
SE594,A016,Anaphylactoid Reaction,Not Specified,SE Description 594,R016
SE595,A016,Anaphylaxis,Not Specified,SE Description 595,R016
SE596,A016,Angioedema,Not Specified,SE Description 596,R016
SE597,A016,Hypersensitivity,Not Specified,SE Description 597,R016
SE598,A016,Myasthenia Gravis,Not Specified,SE Description 598,R016
SE599,A016,Anorexia,Not Specified,SE Description 599,R016
SE600,A016,Decreased Appetite,Not Specified,SE Description 600,R016
SE601,A016,Hypoglycemia,Not Specified,SE Description 601,R016
SE602,A016,Abnormal Behavior,Not Specified,SE Description 602,R016
SE603,A016,Acute Psychosis,Not Specified,SE Description 603,R016
SE604,A016,Anxiety,Not Specified,SE Description 604,R016
SE605,A016,Behavioral Changes,Not Specified,SE Description 605,R016
SE606,A016,Confusion,Not Specified,SE Description 606,R016
SE607,A016,Confusional State,Not Specified,SE Description 607,R016
SE608,A016,Depersonalization,Not Specified,SE Description 608,R016
SE609,A016,Depression,Not Specified,SE Description 609,R016
SE610,A016,Disorientation,Not Specified,SE Description 610,R016
SE611,A016,Hallucinations,Not Specified,SE Description 611,R016
SE612,A016,Insomnia,Not Specified,SE Description 612,R016
SE613,A016,Nervousness,Not Specified,SE Description 613,R016
SE614,A016,Mania/Manic Behavior,Not Specified,SE Description 614,R016
SE615,A016,Nightmare,Not Specified,SE Description 615,R016
SE616,A016,Psychotic Behavior/Disorder,Not Specified,SE Description 616,R016
SE617,A016,Screaming,Not Specified,SE Description 617,R016
SE618,A016,Ageusia,Not Specified,SE Description 618,R016
SE619,A016,Anosmia,Not Specified,SE Description 619,R016
SE620,A016,Convulsions,Not Specified,SE Description 620,R016
SE621,A016,Dizziness,Not Specified,SE Description 621,R016
SE622,A016,Dysgeusia,Not Specified,SE Description 622,R016
SE623,A016,Dyskinesia,Not Specified,SE Description 623,R016
SE624,A016,Loss of Consciousness,Not Specified,SE Description 624,R016
SE625,A016,Asthma,Not Specified,SE Description 625,R016
SE626,A016,Cough,Not Specified,SE Description 626,R016
SE627,A016,Dyspnea,Not Specified,SE Description 627,R016
SE628,A016,Epistaxis,Not Specified,SE Description 628,R016
SE629,A016,Pharyngitis,Not Specified,SE Description 629,R016
SE630,A016,Pulmonary Embolism,Not Specified,SE Description 630,R016
SE631,A016,Constipation,Not Specified,SE Description 631,R016
SE632,A016,Dark Stools,Not Specified,SE Description 632,R016
SE633,A016,Dry Mouth/Thirst,Not Specified,SE Description 633,R016
SE634,A016,Eructation,Not Specified,SE Description 634,R016
SE635,A016,Esophagitis,Not Specified,SE Description 635,R016
SE636,A016,Flatulence,Not Specified,SE Description 636,R016
SE637,A016,Gastritis,Not Specified,SE Description 637,R016
SE638,A016,Gastroentritis,Not Specified,SE Description 638,R016
SE639,A016,Gastrointestinal Disorder,Not Specified,SE Description 639,R016
SE640,A016,Gastroesophageal Reflux Disease,Not Specified,SE Description 640,R016
SE641,A016,Glossitis,Not Specified,SE Description 641,R016
SE642,A016,Laryngiusmus,Not Specified,SE Description 642,R016
SE643,A016,Oral Candidiasis/Moniliasis,Not Specified,SE Description 643,R016
SE644,A016,Pancreatitis,Not Specified,SE Description 644,R016
SE645,A016,Proctalgia,Not Specified,SE Description 645,R016
SE646,A016,Rectal Itching,Not Specified,SE Description 646,R016
SE647,A016,Stomatitis,Not Specified,SE Description 647,R016
SE648,A016,Tongue/Tooth Discoloration,Not Specified,SE Description 648,R016
SE649,A016,Cholestasis,Not Specified,SE Description 649,R016
SE650,A016,Jaundice,Not Specified,SE Description 650,R016
SE651,A016,Hepatic Failure,Not Specified,SE Description 651,R016
SE652,A016,Hepatitis,Not Specified,SE Description 652,R016
SE653,A016,Acne,Not Specified,SE Description 653,R016
SE654,A016,Dermatitis,Not Specified,SE Description 654,R016
SE655,A016,Stevens-Johnson Syndrome,Not Specified,SE Description 655,R016
SE656,A016,Hematuria,Not Specified,SE Description 656,R016
SE657,A016,Interstitial Nephritis,Not Specified,SE Description 657,R016
SE658,A016,Renal Failure,Not Specified,SE Description 658,R016
SE659,A016,Dysmenorrhea,Not Specified,SE Description 659,R016
SE660,A016,Asthenia,Not Specified,SE Description 660,R016
SE661,A016,Fatigue,Not Specified,SE Description 661,R016
SE662,A016,Pyrexia,Not Specified,SE Description 662,R016
SE663,A017,Vomiting,Common,SE Description 663,R017
SE664,A017,Diarrhea,Common,SE Description 664,R017
SE665,A017,Dyspepsia,Common,SE Description 665,R017
SE666,A017,Nausea,Common,SE Description 666,R017
SE667,A017,Slight Increase of Eosinophils and Platelets Count,Not Specified,SE Description 667,R017
SE668,A017,Aplastic Anemia,Rare,SE Description 668,R017
SE669,A017,Hypersensitivity,Rare,SE Description 669,R017
SE670,A017,Exanthema,Rare,SE Description 670,R017
SE671,A017,Urticaria,Rare,SE Description 671,R017
SE672,A017,Angioedema,Rare,SE Description 672,R017
SE673,A017,Severe Anaphylactic Reactions Including Anaphylactic Shock,Rare,SE Description 673,R017
SE674,A017,Transient Increase of Plasmatic Alkaline Phosphates and Aminotransferases,Not Specified,SE Description 674,R017
SE675,A017,Visual Disturbances,Not Specified,SE Description 675,R017
SE676,A017,Lack of Appetite,Not Specified,SE Description 676,R017
SE677,A017,Phlebitis,Not Specified,SE Description 677,R017
SE678,A017,Dyspnea,Not Specified,SE Description 678,R017
SE679,A017,Bronchospasm,Not Specified,SE Description 679,R017
SE680,A017,Cephalea,Not Specified,SE Description 680,R017
SE681,A017,Superinfections from Resistant Bacteria,Rare,SE Description 681,R017
SE682,A018,Vulvovaginitis,Common,SE Description 682,R018
SE683,A018,Anaphylactic Reactions Including Anaphylactic Shock,Not Specified,SE Description 683,R018
SE684,A018,Hypersensitivity,Not Specified,SE Description 684,R018
SE685,A018,Headache,Common,SE Description 685,R018
SE686,A018,Dizziness,Common,SE Description 686,R018
SE687,A018,Diarrhea,Common,SE Description 687,R018
SE688,A018,Diarrhea,Common,SE Description 688,R018
SE689,A018,Nausea,Common,SE Description 689,R018
SE690,A018,Dyspepsia,Common,SE Description 690,R018
SE691,A018,Abdominal Pain,Common,SE Description 691,R018
SE692,A018,Vomiting,Uncommon,SE Description 692,R018
SE693,A018,Antibiotic-associated Colitis,Not Specified,SE Description 693,R018
SE694,A018,Rash,Uncommon,SE Description 694,R018
SE695,A018,Urticaria,Uncommon,SE Description 695,R018
SE696,A018,Pruritus,Uncommon,SE Description 696,R018
SE697,A018,Angioedema,Not Specified,SE Description 697,R018
SE698,A019,Vulvovaginitis,Not Specified,SE Description 698,R019
SE699,A019,Headache,Not Specified,SE Description 699,R019
SE700,A019,Dizziness,Not Specified,SE Description 700,R019
SE701,A019,Diarrhea,Not Specified,SE Description 701,R019
SE702,A019,Nausea,Not Specified,SE Description 702,R019
SE703,A019,Dyspepsia,Not Specified,SE Description 703,R019
SE704,A020,Megaloblastosis,Not Specified,SE Description 704,R020
SE705,A020,Leukopenia,Not Specified,SE Description 705,R020
SE706,A020,Thrombocytopenia,Not Specified,SE Description 706,R020
SE707,A020,Skin Rash,Not Specified,SE Description 707,R020
SE708,A020,Recurrent Fever,Not Specified,SE Description 708,R020
SE709,A020,Netropenia,Not Specified,SE Description 709,R020
SE710,A020,Raised Liver Enzyme Values,Not Specified,SE Description 710,R020
SE711,A021,Anaphylaxis,Not Specified,SE Description 711,R021
SE712,A021,Angioedema,Not Specified,SE Description 712,R021
SE713,A021,Pruritus,Not Specified,SE Description 713,R021
SE714,A021,Rash,Not Specified,SE Description 714,R021
SE715,A021,Serum Sickness-like Reaction,Not Specified,SE Description 715,R021
SE716,A021,Urticaria,Not Specified,SE Description 716,R021
SE717,A021,Drug Fever,Not Specified,SE Description 717,R021
SE718,A021,Pseudomembranous Colitis,Not Specified,SE Description 718,R021
SE719,A021,Hemolytic Anemia,Not Specified,SE Description 719,R021
SE720,A021,Leukopenia,Not Specified,SE Description 720,R021
SE721,A021,Pancytopenia,Not Specified,SE Description 721,R021
SE722,A021,Thrombocytopenia,Not Specified,SE Description 722,R021
SE723,A021,Increased Prothrombin Time,Not Specified,SE Description 723,R021
SE724,A021,Hepatic Impairment Including Hepatitis and Cholestasis,Not Specified,SE Description 724,R021
SE725,A021,Jaundice,Not Specified,SE Description 725,R021
SE726,A021,Seizure,Not Specified,SE Description 726,R021
SE727,A021,Encephalopathy,Not Specified,SE Description 727,R021
SE728,A021,Erythema Multiforme,Not Specified,SE Description 728,R021
SE729,A021,Stevens-Johnson Syndrome,Not Specified,SE Description 729,R021
SE730,A021,Toxic Epidermal Necrolysis,Not Specified,SE Description 730,R021
SE731,A021,Renal Dysfunction,Not Specified,SE Description 731,R021
SE732,A021,Toxic Nephropathy,Not Specified,SE Description 732,R021
SE733,A021,Aplastic Anemia,Not Specified,SE Description 733,R021
SE734,A021,Hemorrhage,Not Specified,SE Description 734,R021
SE735,A021,Increased BUN,Not Specified,SE Description 735,R021
SE736,A021,Increased Creatinine,Not Specified,SE Description 736,R021
SE737,A021,False-positive Test for Urinary Glucose,Not Specified,SE Description 737,R021
SE738,A021,Increased Alkaline Phosphatase,Not Specified,SE Description 738,R021
SE739,A021,Neutropenia,Not Specified,SE Description 739,R021
SE740,A021,Elevated Bilirubin,Not Specified,SE Description 740,R021
SE741,A021,Agranulocytosis,Not Specified,SE Description 741,R021
SE742,A022,Anaphylaxis,Not Specified,SE Description 742,R022
SE743,A022,Angioedema,Not Specified,SE Description 743,R022
SE744,A022,Pruritus,Not Specified,SE Description 744,R022
SE745,A022,Rash,Not Specified,SE Description 745,R022
SE746,A022,Serum Sickness-like Reaction,Not Specified,SE Description 746,R022
SE747,A022,Urticaria,Not Specified,SE Description 747,R022
SE748,A022,Pseudomembranous Colitis,Not Specified,SE Description 748,R022
SE749,A022,Hemolytic Anemia,Not Specified,SE Description 749,R022
SE750,A022,Leukopenia,Not Specified,SE Description 750,R022
SE751,A022,Pancytopenia,Not Specified,SE Description 751,R022
SE752,A022,Thrombocytopenia,Not Specified,SE Description 752,R022
SE753,A022,Increased Prothrombin Time,Not Specified,SE Description 753,R022
SE754,A022,Hepatic Impairment Including Hepatitis and Cholestasis,Not Specified,SE Description 754,R022
SE755,A022,Jaundice,Not Specified,SE Description 755,R022
SE756,A022,Seizure,Not Specified,SE Description 756,R022
SE757,A022,Erythema Multiforme,Not Specified,SE Description 757,R022
SE758,A022,Stevens-Johnson Syndrome,Not Specified,SE Description 758,R022
SE759,A022,Toxic Epidermal Necrolysis,Not Specified,SE Description 759,R022
SE760,A022,Renal Dysfunction,Not Specified,SE Description 760,R022
SE761,A022,Diarrhea,Not Specified,SE Description 761,R022
SE762,A022,Nausea,Not Specified,SE Description 762,R022
SE763,A022,Transient LDH Elevation,Not Specified,SE Description 763,R022
SE764,A022,Transient AST Elevation,Not Specified,SE Description 764,R022
SE765,A022,Transient ALT Elevation,Not Specified,SE Description 765,R022
SE766,A022,Eosinophilia,Not Specified,SE Description 766,R022
SE767,A022,Abdominal Pain and Cramps,Not Specified,SE Description 767,R022
SE768,A022,Flatulence,Not Specified,SE Description 768,R022
SE769,A022,Indigestion,Not Specified,SE Description 769,R022
SE770,A022,Headache,Not Specified,SE Description 770,R022
SE771,A022,Vaginitis,Not Specified,SE Description 771,R022
SE772,A022,Vulvar Itch,Not Specified,SE Description 772,R022
SE773,A022,Rash (Hives),Not Specified,SE Description 773,R022
SE774,A022,Itch,Not Specified,SE Description 774,R022
SE775,A022,Dysuria,Not Specified,SE Description 775,R022
SE776,A022,Chills,Not Specified,SE Description 776,R022
SE777,A022,Chest Pain,Not Specified,SE Description 777,R022
SE778,A022,Shortness of Breath,Not Specified,SE Description 778,R022
SE779,A022,Mouth Ulcers,Not Specified,SE Description 779,R022
SE780,A022,Swollen Tongue,Not Specified,SE Description 780,R022
SE781,A022,Sleepiness,Not Specified,SE Description 781,R022
SE782,A022,Thirst,Not Specified,SE Description 782,R022
SE783,A022,Anorexia,Not Specified,SE Description 783,R022
SE784,A022,Positive Coombs' Test,Not Specified,SE Description 784,R022
SE785,A022,Mild to Moderate Hearing Loss,Not Specified,SE Description 785,R022
SE786,A022,Hypersensitivity Pneumonitis,Not Specified,SE Description 786,R022
SE787,A022,Glossitis,Not Specified,SE Description 787,R022
SE788,A022,Gastric Pyrosis,Not Specified,SE Description 788,R022
SE789,A022,Arthralgia,Not Specified,SE Description 789,R022
SE790,A022,Transient Total Bilirubin,Not Specified,SE Description 790,R022
SE791,A022,Increased Blood Urea Nitrogen (BUN),Not Specified,SE Description 791,R022
SE792,A022,Vertigo with Sensation of Thoracic Constriction,Not Specified,SE Description 792,R022
SE793,A022,Candida Vaginitis,Not Specified,SE Description 793,R022
SE794,A023,Skin Rashes,Not Specified,SE Description 794,R023
SE795,A023,Urticaria,Not Specified,SE Description 795,R023
SE796,A023,Eosinophilia,Not Specified,SE Description 796,R023
SE797,A023,Fever,Not Specified,SE Description 797,R023
SE798,A023,Reactions Resembling Serum Sickness,Not Specified,SE Description 798,R023
SE799,A023,Anaphylaxis,Not Specified,SE Description 799,R023
SE800,A023,Positive Coombs' Test,Not Specified,SE Description 800,R023
SE801,A023,Haemolytic Anaemia,Not Specified,SE Description 801,R023
SE802,A023,Neutropenia,Not Specified,SE Description 802,R023
SE803,A023,Thrombocytopenia,Not Specified,SE Description 803,R023
SE804,A023,Agranulocytosis,Not Specified,SE Description 804,R023
SE805,A023,Bleeding Complications Related to Hypothrombinemia and/or Platelet Dysfunction,Not Specified,SE Description 805,R023
SE806,A024,Diarrhea,Not Specified,SE Description 806,R024
SE807,A024,Vomiting,Not Specified,SE Description 807,R024
SE808,A024,Abdominal Pain,Not Specified,SE Description 808,R024
SE809,A024,Nausea,Not Specified,SE Description 809,R024
SE810,A024,Headaches,Not Specified,SE Description 810,R024
SE811,A024,Restlessness,Not Specified,SE Description 811,R024
SE812,A024,Dizziness,Not Specified,SE Description 812,R024
SE813,A024,Increased Hepatic Enzyme Levels,Not Specified,SE Description 813,R024
SE814,A025,Nausea,Not Specified,SE Description 814,R025
SE815,A025,Diarrhea,Not Specified,SE Description 815,R025
SE816,A025,Abdominal Pain/Discomfort,Not Specified,SE Description 816,R025
SE817,A025,Headache,Not Specified,SE Description 817,R025
SE818,A025,Restlessness,Not Specified,SE Description 818,R025
SE819,A025,Rash,Not Specified,SE Description 819,R025
SE820,A025,Vomiting,Not Specified,SE Description 820,R025
SE821,A025,Dyspepsia,Not Specified,SE Description 821,R025
SE822,A025,Dizziness,Not Specified,SE Description 822,R025
SE823,A025,Confusion,Not Specified,SE Description 823,R025
SE824,A025,Insomnia,Not Specified,SE Description 824,R025
SE825,A025,Tremor,Not Specified,SE Description 825,R025
SE826,A025,Drowsiness,Not Specified,SE Description 826,R025
SE827,A025,Nightmares,Not Specified,SE Description 827,R025
SE828,A025,Hallucinations,Not Specified,SE Description 828,R025
SE829,A025,Psychotic Reactions,Not Specified,SE Description 829,R025
SE830,A025,Depression,Not Specified,SE Description 830,R025
SE831,A025,Convulsion,Not Specified,SE Description 831,R025
SE832,A025,Intracranial HTN,Not Specified,SE Description 832,R025
SE833,A026,Nausea,Common,SE Description 833,R026
SE834,A026,Vomiting,Common,SE Description 834,R026
SE835,A026,Diarrhea,Common,SE Description 835,R026
SE836,A026,Abdominal Pain,Common,SE Description 836,R026
SE837,A026,Dyspepsia,Common,SE Description 837,R026
SE838,A026,Pseudomembranous Colitis,Not Specified,SE Description 838,R026
SE839,A026,Headache,Common,SE Description 839,R026
SE840,A026,Anorexia,Common,SE Description 840,R026
SE841,A026,Flatulence,Common,SE Description 841,R026
SE842,A026,Bilirubinemia,Common,SE Description 842,R026
SE843,A026,Dizziness,Common,SE Description 843,R026
SE844,A026,Restlessness,Common,SE Description 844,R026
SE845,A026,Tremor,Not Specified,SE Description 845,R026
SE846,A026,Drowsiness,Not Specified,SE Description 846,R026
SE847,A026,Insomnia,Not Specified,SE Description 847,R026
SE848,A026,Agitation,Not Specified,SE Description 848,R026
SE849,A026,Confusion,Not Specified,SE Description 849,R026
SE850,A026,Unpleasant Dreams,Not Specified,SE Description 850,R026
SE851,A026,Visual Disturbances,Not Specified,SE Description 851,R026
SE852,A026,Sensory Disturbances,Not Specified,SE Description 852,R026
SE853,A026,Hallucinations,Not Specified,SE Description 853,R026
SE854,A026,Depression,Not Specified,SE Description 854,R026
SE855,A026,Convulsions,Not Specified,SE Description 855,R026
SE856,A026,Eosinophilic Meningitis,Not Specified,SE Description 856,R026
SE857,A026,Acute Psychoses,Not Specified,SE Description 857,R026
SE858,A026,Peripheral Neuropathy,Not Specified,SE Description 858,R026
SE859,A026,Dysaesthesia,Not Specified,SE Description 859,R026
SE860,A026,Catatonia,Not Specified,SE Description 860,R026
SE861,A026,Hemisparesis,Not Specified,SE Description 861,R026
SE862,A026,Tinnitus,Not Specified,SE Description 862,R026
SE863,A026,Rash,Not Specified,SE Description 863,R026
SE864,A026,Pruritus,Not Specified,SE Description 864,R026
SE865,A026,Photosensitivity,Not Specified,SE Description 865,R026
SE866,A026,Vasculitis,Not Specified,SE Description 866,R026
SE867,A026,Erythema Multiforme,Not Specified,SE Description 867,R026
SE868,A026,Stevens-Johnson Syndrome,Not Specified,SE Description 868,R026
SE869,A026,Toxic Epidermal Necrolysis,Not Specified,SE Description 869,R026
SE870,A026,Laryngeal Edema,Not Specified,SE Description 870,R026
SE871,A026,Anaphylaxis,Not Specified,SE Description 871,R026
SE872,A026,Arthralgia,Not Specified,SE Description 872,R026
SE873,A026,Joint Erosions,Not Specified,SE Description 873,R026
SE874,A026,Tendon Damage,Not Specified,SE Description 874,R026
SE875,A026,Transient Elevation of Serum Creatinine,Not Specified,SE Description 875,R026
SE876,A026,Transient Elevation of Blood Urea Nitrogen,Not Specified,SE Description 876,R026
SE877,A026,Transient Elevation of Liver Enzyme Values,Not Specified,SE Description 877,R026
SE878,A026,Acute Renal Failure Secondary to Interstitial Nephritis,Not Specified,SE Description 878,R026
SE879,A026,Crystalluria,Not Specified,SE Description 879,R026
SE880,A026,Jaundice,Not Specified,SE Description 880,R026
SE881,A026,Moniliasis,Not Specified,SE Description 881,R026
SE882,A026,Asthenia,Not Specified,SE Description 882,R026
SE883,A026,Hepatitis,Not Specified,SE Description 883,R026
SE884,A026,Eosinophilia,Not Specified,SE Description 884,R026
SE885,A026,Leukopenia,Not Specified,SE Description 885,R026
SE886,A026,Thrombocytopenia,Not Specified,SE Description 886,R026
SE887,A026,Pancytopenia,Not Specified,SE Description 887,R026
SE888,A026,Hemolytic Anemia,Not Specified,SE Description 888,R026
SE889,A026,Agranulocytosis,Not Specified,SE Description 889,R026
SE890,A026,Myalgia,Not Specified,SE Description 890,R026
SE891,A026,Gynecomastia,Not Specified,SE Description 891,R026
SE892,A026,Tachcardia,Not Specified,SE Description 892,R026
SE893,A026,Edema,Not Specified,SE Description 893,R026
SE894,A026,Syncope,Not Specified,SE Description 894,R026
SE895,A026,Hot Flushes,Not Specified,SE Description 895,R026
SE896,A026,Sweating,Not Specified,SE Description 896,R026
SE897,A026,Superinfection with Candida,Not Specified,SE Description 897,R026
SE898,A026,Superinfection with Clostridium Difficile,Not Specified,SE Description 898,R026
SE899,A026,Methicillin-resistant Staphylococcus Aureus Colonization,Not Specified,SE Description 899,R026
SE900,A026,Vancomycin-resistant Enterococci Colonization,Not Specified,SE Description 900,R026
SE901,A027,Abdominal Pain,Not Specified,SE Description 901,R027
SE902,A027,Anorexia,Not Specified,SE Description 902,R027
SE903,A027,Diarrhea,Not Specified,SE Description 903,R027
SE904,A027,Dry Mouth,Not Specified,SE Description 904,R027
SE905,A027,Dyspepsia,Not Specified,SE Description 905,R027
SE906,A027,Flatulence,Not Specified,SE Description 906,R027
SE907,A027,Loose or Frequent Stools,Not Specified,SE Description 907,R027
SE908,A027,Nausea,Not Specified,SE Description 908,R027
SE909,A027,Vomiting,Not Specified,SE Description 909,R027
SE910,A027,Pseudomembranous Colitis,Not Specified,SE Description 910,R027
SE911,A027,Pruritus Ani,Not Specified,SE Description 911,R027
SE912,A027,Anaphylactic/Anaphylactoid Reactions,Not Specified,SE Description 912,R027
SE913,A027,Angioedema,Not Specified,SE Description 913,R027
SE914,A027,Arthralgia,Not Specified,SE Description 914,R027
SE915,A027,Drug Fever,Not Specified,SE Description 915,R027
SE916,A027,Erythema Multiforme,Not Specified,SE Description 916,R027
SE917,A027,Facial Edema,Not Specified,SE Description 917,R027
SE918,A027,Pruritus,Not Specified,SE Description 918,R027
SE919,A027,Skin Rashes,Not Specified,SE Description 919,R027
SE920,A027,Serum Sickness-like Reaction,Not Specified,SE Description 920,R027
SE921,A027,Stevens-Johnson Syndrome,Not Specified,SE Description 921,R027
SE922,A027,Toxic Epidermal Necrolysis,Not Specified,SE Description 922,R027
SE923,A027,DRESS,Not Specified,SE Description 923,R027
SE924,A027,Urticaria,Not Specified,SE Description 924,R027
SE925,A027,Transient ALT Elevation,Not Specified,SE Description 925,R027
SE926,A027,Transient AST Elevation,Not Specified,SE Description 926,R027
SE927,A027,Transient Alkaline Phosphatase Elevation,Not Specified,SE Description 927,R027
SE928,A027,Transient Bilirubin Elevation,Not Specified,SE Description 928,R027
SE929,A027,Transient LDH Elevation,Not Specified,SE Description 929,R027
SE930,A027,Hepatitis,Not Specified,SE Description 930,R027
SE931,A027,Jaundice,Not Specified,SE Description 931,R027
SE932,A027,Transient BUN Elevation,Not Specified,SE Description 932,R027
SE933,A027,Transient Serum Creatinine Elevation,Not Specified,SE Description 933,R027
SE934,A027,Acute Renal Failure Secondary to Interstitial Nephritis,Not Specified,SE Description 934,R027
SE935,A027,Dyuria,Not Specified,SE Description 935,R027
SE936,A027,Pyuria,Not Specified,SE Description 936,R027
SE937,A027,Genital Pruritus,Not Specified,SE Description 937,R027
SE938,A027,Vaginitis,Not Specified,SE Description 938,R027
SE939,A027,Vaginal Candidiasis,Not Specified,SE Description 939,R027
SE940,A027,Dizziness,Not Specified,SE Description 940,R027
SE941,A027,Headache,Not Specified,SE Description 941,R027
SE942,A027,Fatigue,Not Specified,SE Description 942,R027
SE943,A027,Insomnia,Not Specified,SE Description 943,R027
SE944,A027,Malaise,Not Specified,SE Description 944,R027
SE945,A027,Nervousness,Not Specified,SE Description 945,R027
SE946,A027,Seizures,Not Specified,SE Description 946,R027
SE947,A027,Somnolence,Not Specified,SE Description 947,R027
SE948,A027,Thrombocytopenia,Not Specified,SE Description 948,R027
SE949,A027,Thrombocytosis,Not Specified,SE Description 949,R027
SE950,A027,Leukopenia,Not Specified,SE Description 950,R027
SE951,A027,Leukocytosis,Not Specified,SE Description 951,R027
SE952,A027,Neutropenia,Not Specified,SE Description 952,R027
SE953,A027,Agranulocytosis,Not Specified,SE Description 953,R027
SE954,A027,Eosinophilia,Not Specified,SE Description 954,R027
SE955,A027,Hypereosinophilia,Not Specified,SE Description 955,R027
SE956,A027,Immune Hemolytic Anemia,Not Specified,SE Description 956,R027
SE957,A027,Prolonged Prothrombin Time,Not Specified,SE Description 957,R027
SE958,A027,Prolonged Partial Thromboplastin Time,Not Specified,SE Description 958,R027
SE959,A027,Decreased Hemoglobin Concentration,Not Specified,SE Description 959,R027
SE960,A027,Decreased Hematocrit,Not Specified,SE Description 960,R027
SE961,A027,Hyperbilirubinemia,Not Specified,SE Description 961,R027
SE962,A027,Increased Serum Amylase,Not Specified,SE Description 962,R027
SE963,A027,Dyspnea,Not Specified,SE Description 963,R027
SE964,A027,Respiratory Distress,Not Specified,SE Description 964,R027
SE965,A027,Chills,Not Specified,SE Description 965,R027
SE966,A027,Joint Pain or Inflammation,Not Specified,SE Description 966,R027
SE967,A027,Hypotension,Not Specified,SE Description 967,R027
SE968,A027,Renal Dysfunction,Not Specified,SE Description 968,R027
SE969,A027,Toxic Nephropathy,Not Specified,SE Description 969,R027
SE970,A027,Hepatic Dysfunction Including Cholestasis,Not Specified,SE Description 970,R027
SE971,A027,Aplastic Anemia,Not Specified,SE Description 971,R027
SE972,A027,Epistaxis or Hemorrhage,Not Specified,SE Description 972,R027
SE973,A027,Thrombocythemia,Not Specified,SE Description 973,R027
SE974,A027,Granulocytosis,Not Specified,SE Description 974,R027
SE975,A027,Monocytosis,Not Specified,SE Description 975,R027
SE976,A027,Lymphocytopenia,Not Specified,SE Description 976,R027
SE977,A027,Basophilia,Not Specified,SE Description 977,R027
SE978,A027,Hypoprothrombinemia,Not Specified,SE Description 978,R027
SE979,A027,Menstrual Irregularities,Not Specified,SE Description 979,R027
SE980,A027,Tenesmus,Not Specified,SE Description 980,R027
SE981,A027,Epigastric Pain,Not Specified,SE Description 981,R027
SE982,A027,Glossitis,Not Specified,SE Description 982,R027
SE983,A027,Oral Candidiasis (Thrush),Not Specified,SE Description 983,R027
SE984,A027,Taste Alteration,Not Specified,SE Description 984,R027
SE985,A027,Decreased Salivation,Not Specified,SE Description 985,R027
SE986,A027,Heartburn,Not Specified,SE Description 986,R027
SE987,A027,Colitis,Not Specified,SE Description 987,R027
SE988,A027,Nightmares,Not Specified,SE Description 988,R027
SE989,A027,Vertigo,Not Specified,SE Description 989,R027
SE990,A027,Chest Pain,Not Specified,SE Description 990,R027
SE991,A027,Pleural Effusion,Not Specified,SE Description 991,R027
SE992,A027,Pulmonary Infiltrate,Not Specified,SE Description 992,R027
SE993,A027,Cough,Not Specified,SE Description 993,R027
SE994,A027,Rhinitis,Not Specified,SE Description 994,R027
SE995,A027,Increased Serum Glucose,Not Specified,SE Description 995,R027
SE996,A027,Superinfection,Not Specified,SE Description 996,R027
SE997,A027,Positive Coombs' Test,Not Specified,SE Description 997,R027
SE998,A027,Pancytopenia,Not Specified,SE Description 998,R027
SE999,A027,Transient Gamma-glutamyl Transferase Increase,Not Specified,SE Description 999,R027
SE1000,A027,Descreased Serum Albumin,Not Specified,SE Description 1000,R027
SE1001,A027,Decreased Total Protein,Not Specified,SE Description 1001,R027
SE1002,A028,Diarrhea,Not Specified,SE Description 1002,R028
SE1003,A028,Stool Changes,Not Specified,SE Description 1003,R028
SE1004,A028,Headache,Not Specified,SE Description 1004,R028
SE1005,A028,Dizziness,Not Specified,SE Description 1005,R028
SE1006,A028,Skin Rashes,Not Specified,SE Description 1006,R028
SE1007,A028,Pruritus,Not Specified,SE Description 1007,R028
SE1008,A028,Urticaria,Not Specified,SE Description 1008,R028
SE1009,A028,Fever,Not Specified,SE Description 1009,R028
SE1010,A028,Serum Sickness-like Reaction,Not Specified,SE Description 1010,R028
SE1011,A028,Arthralgia,Not Specified,SE Description 1011,R028
SE1012,A028,Anaphylaxis,Not Specified,SE Description 1012,R028
SE1013,A028,Thrombocytopenia,Not Specified,SE Description 1013,R028
SE1014,A028,Leukopenia,Not Specified,SE Description 1014,R028
SE1015,A028,Eosinophilia,Not Specified,SE Description 1015,R028
SE1016,A029,Abdominal Pain,Not Specified,SE Description 1016,R029
SE1017,A029,Anorexia,Not Specified,SE Description 1017,R029
SE1018,A029,Diarrhea,Not Specified,SE Description 1018,R029
SE1019,A029,Dry Mouth,Not Specified,SE Description 1019,R029
SE1020,A029,Dyspepsia,Not Specified,SE Description 1020,R029
SE1021,A029,Flatulence,Not Specified,SE Description 1021,R029
SE1022,A029,Loose or Frequent Stools,Not Specified,SE Description 1022,R029
SE1023,A029,Nausea,Not Specified,SE Description 1023,R029
SE1024,A029,Vomiting,Not Specified,SE Description 1024,R029
SE1025,A029,Pseudomembranous Colitis,Not Specified,SE Description 1025,R029
SE1026,A029,Pruritus Ani,Not Specified,SE Description 1026,R029
SE1027,A029,Anaphylactic/Anaphylactoid Reactions,Not Specified,SE Description 1027,R029
SE1028,A029,Angioedema,Not Specified,SE Description 1028,R029
SE1029,A029,Arthralgia,Not Specified,SE Description 1029,R029
SE1030,A029,Drug Fever,Not Specified,SE Description 1030,R029
SE1031,A029,Erythema Multiforme,Not Specified,SE Description 1031,R029
SE1032,A029,Facial Edema,Not Specified,SE Description 1032,R029
SE1033,A029,Pruritus,Not Specified,SE Description 1033,R029
SE1034,A029,Skin Rashes,Not Specified,SE Description 1034,R029
SE1035,A029,Serum Sickness-like Reaction,Not Specified,SE Description 1035,R029
SE1036,A029,Stevens-Johnson Syndrome,Not Specified,SE Description 1036,R029
SE1037,A029,Toxic Epidermal Necrolysis,Not Specified,SE Description 1037,R029
SE1038,A029,Urticaria,Not Specified,SE Description 1038,R029
SE1039,A029,Transient ALT Elevation,Not Specified,SE Description 1039,R029
SE1040,A029,Transient Bilirubin Elevation,Not Specified,SE Description 1040,R029
SE1041,A029,Transient LDH Elevation,Not Specified,SE Description 1041,R029
SE1042,A029,Hepatitis,Not Specified,SE Description 1042,R029
SE1043,A029,Jaundice,Not Specified,SE Description 1043,R029
SE1044,A029,Transient BUN Elevation,Not Specified,SE Description 1044,R029
SE1045,A029,Transient Serum Creatinine Elevation,Not Specified,SE Description 1045,R029
SE1046,A029,Acute Renal Failure,Not Specified,SE Description 1046,R029
SE1047,A029,Dysuria,Not Specified,SE Description 1047,R029
SE1048,A029,Pyuria,Not Specified,SE Description 1048,R029
SE1049,A029,Genital Pruritus,Not Specified,SE Description 1049,R029
SE1050,A029,Vaginitis,Not Specified,SE Description 1050,R029
SE1051,A029,Vaginal Candidiasis,Not Specified,SE Description 1051,R029
SE1052,A029,Dizziness,Not Specified,SE Description 1052,R029
SE1053,A029,Headache,Not Specified,SE Description 1053,R029
SE1054,A029,Fatigue,Not Specified,SE Description 1054,R029
SE1055,A029,Insomnia,Not Specified,SE Description 1055,R029
SE1056,A029,Malaise,Not Specified,SE Description 1056,R029
SE1057,A029,Nevousness,Not Specified,SE Description 1057,R029
SE1058,A029,Somnolence,Not Specified,SE Description 1058,R029
SE1059,A029,Thrombocytopenia,Not Specified,SE Description 1059,R029
SE1060,A029,Thrombocytosis,Not Specified,SE Description 1060,R029
SE1061,A029,Leukopenia,Not Specified,SE Description 1061,R029
SE1062,A029,Leukocytosis,Not Specified,SE Description 1062,R029
SE1063,A029,Neutropenia,Not Specified,SE Description 1063,R029
SE1064,A029,Eosinophilia,Not Specified,SE Description 1064,R029
SE1065,A029,Increased Prothrombin Time,Not Specified,SE Description 1065,R029
SE1066,A029,Increased Partial Thromboplastin Time,Not Specified,SE Description 1066,R029
SE1067,A029,Decreased Hemoglobin,Not Specified,SE Description 1067,R029
SE1068,A029,Decreased Hematocrt,Not Specified,SE Description 1068,R029
SE1069,A029,Hyperbilirubinemia,Not Specified,SE Description 1069,R029
SE1070,A029,Increased Serum Amylase,Not Specified,SE Description 1070,R029
SE1071,A029,Chills,Not Specified,SE Description 1071,R029
SE1072,A029,Joint Pain or Inflammation,Not Specified,SE Description 1072,R029
SE1073,A029,Hypotension,Not Specified,SE Description 1073,R029
SE1074,A029,Renal Dysfunction,Not Specified,SE Description 1074,R029
SE1075,A029,Toxic Nephropathy,Not Specified,SE Description 1075,R029
SE1076,A029,Hepatic Dysfunction Including Cholestasis,Not Specified,SE Description 1076,R029
SE1077,A029,Aplastic Anemia,Not Specified,SE Description 1077,R029
SE1078,A029,Hemolytic Anemia,Not Specified,SE Description 1078,R029
SE1079,A029,Epistaxis or Hemorrhage,Not Specified,SE Description 1079,R029
SE1080,A029,Agranulocytosis,Not Specified,SE Description 1080,R029
SE1081,A029,Thrombocythemia,Not Specified,SE Description 1081,R029
SE1082,A029,Granulocytosis,Not Specified,SE Description 1082,R029
SE1083,A029,Monocytosis,Not Specified,SE Description 1083,R029
SE1084,A029,Lymphocytopenia,Not Specified,SE Description 1084,R029
SE1085,A029,Basophilia,Not Specified,SE Description 1085,R029
SE1086,A029,Hypoprothrombinemia,Not Specified,SE Description 1086,R029
SE1087,A029,Menstrual Irregularities,Not Specified,SE Description 1087,R029
SE1088,A029,Tenesmus,Not Specified,SE Description 1088,R029
SE1089,A029,Epigastric Pain,Not Specified,SE Description 1089,R029
SE1090,A029,Glossitis,Not Specified,SE Description 1090,R029
SE1091,A029,Oral Candidiasis,Not Specified,SE Description 1091,R029
SE1092,A029,Taste Alteration,Not Specified,SE Description 1092,R029
SE1093,A029,Decreased Salivation,Not Specified,SE Description 1093,R029
SE1094,A029,Heartburn,Not Specified,SE Description 1094,R029
SE1095,A029,Colitis,Not Specified,SE Description 1095,R029
SE1096,A029,Nightmares,Not Specified,SE Description 1096,R029
SE1097,A029,Vertigo,Not Specified,SE Description 1097,R029
SE1098,A029,Chest Pain,Not Specified,SE Description 1098,R029
SE1099,A029,Pleural Effusion,Not Specified,SE Description 1099,R029
SE1100,A029,Pulmonary Infiltrate,Not Specified,SE Description 1100,R029
SE1101,A029,Dyspnea or Respiratory Distress,Not Specified,SE Description 1101,R029
SE1102,A029,Cough,Not Specified,SE Description 1102,R029
SE1103,A029,Rhinitis,Not Specified,SE Description 1103,R029
SE1104,A029,Increased or Decreased Serum Glucose,Not Specified,SE Description 1104,R029
SE1105,A029,Superinfection,Not Specified,SE Description 1105,R029
SE1106,A029,Positive Coombs' Test,Not Specified,SE Description 1106,R029
SE1107,A029,Pancytopenia,Not Specified,SE Description 1107,R029
SE1108,A029,Decreased Serum Albumin,Not Specified,SE Description 1108,R029
SE1109,A029,Decreased Total Protein,Not Specified,SE Description 1109,R029
SE1110,A030,Nausea,Not Specified,SE Description 1110,R030
SE1111,A030,Emesis,Not Specified,SE Description 1111,R030
SE1112,A030,Anorexia,Not Specified,SE Description 1112,R030
SE1113,A030,Abdominal Pain,Not Specified,SE Description 1113,R030
SE1114,A030,Diarrhea,Not Specified,SE Description 1114,R030
SE1115,A030,Pulmonary Hypersensitivity Reaction,Not Specified,SE Description 1115,R030
SE1116,A030,Peripheral Neuropathy,Not Specified,SE Description 1116,R030
SE1117,A030,Exfoliative Dermatitis,Not Specified,SE Description 1117,R030
SE1118,A030,Erythema Multiforme,Not Specified,SE Description 1118,R030
SE1119,A030,Lupus-like Syndrome,Not Specified,SE Description 1119,R030
SE1120,A030,Urticaria,Not Specified,SE Description 1120,R030
SE1121,A030,Rash,Not Specified,SE Description 1121,R030
SE1122,A030,Agranulocytosis,Not Specified,SE Description 1122,R030
SE1123,A030,Leukopenia,Not Specified,SE Description 1123,R030
SE1124,A030,Granulocytosis,Not Specified,SE Description 1124,R030