warningID,antibioticID,type,headline,description,referenceID,validatorID
W001,A012,Patient Condition,Pneumonia,"Not recommended for people with pneumonia who cannot take medicine by mouth. This includes those who are very sick, need to stay in the hospital, have serious infections, are older or frail, or have serious health problems that weaken the immune system.",R037,
W002,A012,Patient Condition,Syphilis,"Azithromycin, at the recommended dose, should not be relied upon to treat syphilis. Antimicrobial agents used in high doses for short periods of time to treat non-gonococcal urethritis may mask or delay the symptoms of incubating syphilis. All patients with sexually-transmitted urethritis or cervicitis should have a serologic test for syphilis and appropriate cultures for gonorrhea performed at the time of diagnosis. Appropriate antimicrobial therapy and follow-up tests for these diseases should be initiated if infection is confirmed.",R037,
W003,A025,Contraindication,Hypersensitivity,Monurol should not be used in patients with known allergy to fosfomyxin or any of its ingredients.,"R022
R023",
W004,A025,Patient Condition,Clostridium difficile-associated diarrhea (CDAD),"Clostridium difficile associated diarrhea (CDAD) has been reported with use of nearly all antibacterial agents, including MONUROL, and may range in severity from mild diarrhea to fatal colitis.",R023,
W005,A025,Pregnancy & Lactation,Pregnancy,"During pregnancy, Monurol should be used only when prescribed.",R023,
W006,A025,Pregnancy & Lactation,Breastfeeding,It is unknown if this drug passes into breast milk. Consult the doctor before breastfeeding.,R023,
W007,A025,Age Restriction,Pediatric Use,Safety and effectiveness in children under 12 years old have not been established.,R023,
W008,A025,Age Restriction,Geriatric Use,"Dose selection for an elderly patient should be cautious, usually starting at the low end of the dosing range, reflecting the greater frequency of decreased hepatic, renal, or cardiac function, and of concomitant disease or other drug therapy.",R023,
W009,A026,Contraindication,Hypersensitivity,Do not take Fosfomycin Tromethamine if you have a known allergy to it or any ingredient in the medicine.,R024,
W010,A026,Patient Condition,Clostridium difficile-associated diarrhea (CDAD),"Clostridium difficile associated diarrhea (CDAD) has been reported with use of nearly all antibacterial agents, including Fosfomycin Tromethamine, and may range in severity from mild diarrhea to fatal colitis. Treatment with antibacterial agents alters the normal flora of the colon leading to overgrowth of C. difficile.",R024,
W011,A026,Pregnancy & Lactation,Pregnancy," There are, however, no adequate and well-controlled studies in pregnant women. Because animal reproduction studies are not always predictive of human response, this drug should be used during pregnancy only if clearly needed.",R024,
W012,A026,Pregnancy & Lactation,Breastfeeding,It is unknown if Fosfomycin Tromethamine passes into breast milk. Talk to your doctor before using while nursing.,R024,
W013,A026,Age Restriction,Pediatric Use,The safety and effectiveness of Fosfomycin Tromethamine in children under 12 years have not been established in adequate and well-controlled studies.,R024,
W014,A026,Age Restriction,Geriatric Use,"Older adults may have reduced kidney, liver, or heart function. Use Fosfomycin Tromethamine carefully and follow dosing instructions.",R024,
W015,A026,Patient Condition,Single-dose Use,"Do not use more than one single dose of Fosfomycin Tromethamine to treat a single episode of acute cystitis. Repeated daily doses of Fosfomycin Tromethamine did not improve the clinical success or microbiological eradication rates compared to single dose therapy, but did increase the incidence of adverse events.",R024,
W016,A012,Overdosage,Taking higher than recommended dose,"Similar effects noted on regular doses. Adverse events experienced in higher than recommended dose were similar effects noted on regular doses. The typical symptoms of an overdose include reversible loss of hearing, severe nausea, vomiting and diarrhea.",R037,
W017,A012,Contraindication,Hypersensitivity,"Azithromycin is contraindicated in patients with known hypersensitivity to azithromycin, erythromycin, any macrolide or ketolide antibiotic.",R037,
W018,A027,Contraindication,Hypersensitivity,"Do not use if the patient has a known allergy to fosfomycin. Serious allergic reactions like difficulty breathing, difficulty swallowing, fever, hives, itchy skin, rash, swelling of your tongue, throat or face",R026,
W019,A027,Patient Condition,Clostridioides difficile-Associated Diarrhea (CDAD),"Antibiotic use may cause abdominal pain or tenderness, fever, severe diarrhea due to C. difficile. ",R026,
W020,A027,Patient Condition,Sodium Content,"Before receiving IVOZFO, notify the doctor if the patient have any of the following health conditions: heart problems, high blood pressure, hyperaldosteronism which is a condition where you have too much of a hormone called aldosterone, cirrhosis (scar tissue) of the liver, kidney problems, high levels of sodium in the blood, or fluid in your lungs. IVOZFO contains sodium that could make these conditions worse. ",R026,
W021,A027,Patient Condition,Decrease in Potassium Level,A high sodium load associated with the use of IVOZFO™ may result in decreased levels of potassium in serum or plasma. A low-sodium diet is recommended during treatment. The substitution of potassium may be necessary in some cases. Serum electrolyte levels and water balance must be monitored regularly during therapy,R026,
W022,A027,Patient Condition,Kidney Impairment,Dose adjustment may be needed in patients with reduced kidney function. Monitor kidney status during therapy.,R026,
W023,A027,Pregnancy & Lactation,Pregnancy,Use during pregnancy only if clearly needed and prescribed by a doctor.,R026,
W024,A027,Pregnancy & Lactation,Breastfeeding,It is not fully known if the drug passes into breast milk. Consult a healthcare provider before use.,R026,
W025,A027,Age Restriction,Pediatric Use,Safety and effectiveness in children should be confirmed before use. Follow proper dosing guidelines.,R026,
W026,A027,Age Restriction,Geriatric Use,"In patients with impaired renal function, the elimination half-life is increased proportionally to the degree of renal insufficiency. Patients with creatinine clearance values of 40 mL/min or less require dose adjustments",R026,
W027,A012,Patient Condition,Impaired hepatic functions,"Due to limited data in subjects with Glomerular Filtration Rate < 10 mL/min, caution should be exercised when taking azithrymycin for these patients",R037,
W029,A012,Patient Condition,Cardiac Risk,"Prolonged cardiac repolarization and QT interval, imparting a risk of developing cardiac arrhythmia and torsades de pointes, have been seen in treatment with other macrolides. A similar effect with azithromycin cannot be completely ruled out in patients at increased risk for prolonged cardiac repolarization.",R037,
W030,A012,Pregnancy & Lactation,Pregnancy,"Pregnancy Category B: In the animal studies, no evidence of harm to the fetus due to azithromycin was found. There are, however, no adequate and well-controlled studies in pregnant women. Because animal reproduction studies are not always predictive of human response, azithromycin should be used during pregnancy only if clearly needed.",R037,
W031,A012,Pregnancy & Lactation,Breastfeeding,It is not known whether azithromycin is excreted in human milk. Caution should be exercised when azithromycin is administered to a nursing woman.,R037,
W032,A028,Contraindication,Hypersensitivity,"Reactions such as rash, urticaria and anaphylaxis were reported with the use of CONTEPO. Before initiating therapy with CONTEPO, it is important to inquire about previous hypersensitivity reactions to oral or parenteral fosfomycin. If an allergic reaction occurs, discontinue CONTEPO immediately.",R028,
W033,A028,Patient Condition,Serum Electrolyte Abnormalities,"The high sodium load associated with the use of CONTEPO may result in changes in serum electrolytes, such as increased levels of sodium and decreased levels of potassium, calcium and phosphorus. A low-sodium diet is recommended during CONTEPO treatment. Monitor serum electrolyte levels and fluid status during CONTEPO treatment",R028,
W034,A028,Patient Condition,QT Prolongation,"The risk of QT prolongation may increase in patients with electrolyte abnormalities (such as hypokalemia and hypocalcemia), patients with conditions that have potential to cause electrolyte imbalance (such as renal impairment), or patients taking other drugs affecting electrolyte balance or QT prolongation. Avoid CONTEPO in patients with known QT prolongation or ventricular arrhythmias, including a history of torsade de pointes.",R028,
W035,A028,Patient Condition,Increased Transaminase Levels,Increase in alanine aminotransferase (ALT) and aspartate aminotransferase (AST) were reported in the clinical trial. Monitor hepatic enzymes during CONTEPO treatment.,R028,
W036,A028,Patient Condition,Neutropenia including Agranulocytosis,"Neutropenia, including agranulocytosis, has occurred in patients receiving IV fosfomycin treatment. Monitor complete blood count during CONTEPO therapy. If such reactions occur, discontinue CONTEPO and institute appropriate treatment",R028,
W037,A028,Patient Condition,Clostridioides difficile-Associated Diarrhea (CDAD),"This has been reported with nearly all systemic antibacterial agents, including CONTEPO. Evaluate patients if diarrhea occurs.",R028,
W038,A028,Patient Condition,Development of Drug-Resistant Bacteria,Prescribing CONTEPO in the absence of a proven or strongly suspected bacterial infection indication is unlikely to provide benefit to the patient and increases the risk of the development of drug resistant bacteria ,R028,
W039,A028,Patient Condition,Cardiac/Fluid Overload,"Monitor signs and symptoms of edema, particularly in patients with cardiac insufficiency, renal impairment, cirrhosis, hypertension, hyperaldosteronism, hypernatremia or pulmonary edema.",R028,
W040,A028,Pregnancy & Lactation,Pregnancy Use,"Available data from observational studies and pharmacovigilance reports with fosfomycin use in pregnant women are insufficient to identify a drug-associated risk of major birth defects, miscarriage, or adverse maternal or fetal outcomes. Fosfomycin crosses the placental barrier. There are no animal data that meet current standards for nonclinical developmental toxicity studies. However, some reproductive toxicity data are available from published literature. Intravenous or intraperitoneal fosfomycin-sodium did not cause malformations in rabbits or rats, respectively, but showed evidence of fetotoxicity (see Data). The clinical relevance of these animal data is uncertain. ",R028,
W041,A028,Pregnancy & Lactation,Breastfeeding,Breastfeeding not recommended during treatment and for 24 hours after last dose.,R028,
W042,A028,Age Restriction,Pediatric Use,Safety and effectiveness of CONTEPO in patients less than 18 years of age has not been established.,R028,
W043,A028,Age Restriction,Geriatric Use,"Elderly patients are more likely to have decreased cardiac and renal function, care should be taken in dose selection, and electrolytes, fluid status, and renal function should be monitored. Dosage adjustment in elderly patients should take into account renal function",R028,
W044,A029,Contraindication,Allergy,Do not take this medication if allergic to fosfomycin or any ingredients of the medication.,"R029
",
W045,A029,Patient Condition,Antibiotic-Associated Colitis,May cause persistent or severe blood or watery diarrhea with or without fever and abdominal pain,"R029
",
W046,A029,Patient Condition,Dizziness,"Fosfomycin may cause dizziness, affecting ability to drive or operate machinery.","R029
",
W047,A029,Patient Condition,Kidney Function,"Reduced kidney function may affect dosing and effectiveness of this medication, and whether any special monitoring is needed.","R029
",
W048,A029,Pregnancy & Lactation,Pregnancy,Fosfomycin crosses the placenta and may affect a developing baby if it is taken during pregnancy. This medication should not be used during pregnancy unless the benefits outweigh the risks.,"R029
",
W049,A029,Pregnancy & Lactation,Breastfeeding,"May pass into breast milk. If you are breast-feeding and are taking fosfomycin, it may affect your baby.","R029
",
W050,A029,Patient Condition,Overgrowth of Organisms,Prolonged or repeated use may lead to fungal or resistant bacterial overgrowth.,"R029
R030",
W051,A029,Patient Condition,Sucrose Content,It contains sucrose. It is not recommended if the patient have hereditary problems of fructose intolerance.,R029,
W052,A013,Age Restriction,Children more than 45 kg,Tablets can only be administered to children weighing more than 45 kg.,R038,
W053,A015,Overdosage,Taking higher than recommended dose,"Adverse effects experienced at doses higher than recommended are similar to those seen at normal doses. Symptoms of a macrolide antibiotic overdose typically include reversible hearing loss, severe nausea, vomiting, and diarrhea. In case of an overdose, administration of medicinal charcoal is recommended, along with general symptomatic treatment and supportive measures as needed.",R039,
W054,A013,Overdosage,Taking higher than recommended dose,Do not exceed the recommended doses. In case of overdosage consult your physician immediately.,R038,
W055,A014,Overdosage,Taking higher than recommended dose,Do not exceed the recommended doses. In case of overdosage consult your physician immediately.,R038,
W056,A015,Contraindication,Hypersensitivity,"Hypersensitivity to the active substance, erythromycin, any macrolide or ketolide antibiotic, or to any of the excipients.",R039,
W057,A013,Contraindication,Hypersensitivity,"Do not take if you have hypersensitivity to the azithromycin, or any macrolide antibiotics.",R038,
W058,A014,Contraindication,Hypersensitivity,"Do not take if you have hypersensitivity to the azithromycin, or any macrolide antibiotics.",R038,
W059,A013,Contraindication,Co-administration,Do not take with ergot derivatives,R038,
W060,A014,Contraindication,Co-administration,Do not take with ergot derivatives,R038,
W061,A015,Pregnancy & Lactation,Pregnancy,"The safety of azithromycin has not been confirmed with regard to the use of the active substance during pregnancy. Therefore, azithromycin should only be used during pregnancy if the benefit outweighs the risk.",R039,
W062,A015,Pregnancy & Lactation,Breastfeeding,"Azithromycin is secreted into human breast milk. A risk to the newborn/infant cannot be excluded. A decision must be made whether to discontinue breastfeeding or discontinue the drug, taking into account the benefit of breastfeeding to the child and the benefit of therapy to the mother.",R039,
W063,A015,Patient Condition,Fertility,Animal studies have shown reduced pregnancy rate upon the administration of azithromycin. The clinical relevance for humans is unknown.,R039,
W064,A013,Pregnancy & Lactation,Pregnancy,Should only be used during pregnancy if it is clearly indicated. Caution should be taken when administered to a pregnant woman.,R038,
W065,A014,Pregnancy & Lactation,Pregnancy,Should only be used during pregnancy if it is clearly indicated. Caution should be taken when administered to a pregnant woman.,R038,
W066,A013,Pregnancy & Lactation,Breastfeeding,Unknown if Azithromycin is excreted in breast milk. Caution should be taken when administered to a nursing woman.,R038,
W067,A014,Pregnancy & Lactation,Breastfeeding,Unknown if Azithromycin is excreted in breast milk. Caution should be taken when administered to a nursing woman.,R038,
W068,A015,Patient Condition,Hypersensitivity,"Taking can cause rare serious allergic reactions (including angioneurotic oedema, anaphylaxis, which have been rarely fatal) and dermatologic reactions, such as acute generalised exanthematous pustulosis (AGEP), Stevens-Johnson syndrome, toxic epidermal necrolysis (rarely fatal), and drug reaction with eosinophilia and systemic symptoms (DRESS), have been reported. Some reactions have required prolonged observation and treatment. If any of these hypersensitivity reactions occur, discontinue azithromycin immediately and institute appropriate emergency therapy.",R039,
W069,A015,Patient Condition,Hepatotoxicity,"Use with caution for patients with significant hepatic (liver) disease as cases of fulminant hepatitis leading to life-threatening liver failure have been reported with azithromycin. In case of signs and symptoms of liver dysfunction, such as rapid developing asthenia associated with jaundice, dark urine, bleeding tendency or hepatic encephalopathy. Azithromycin administration should be stopped if liver dysfunction has emerged.",R039,
W070,A009,Pregnancy & Lactation,Breastfeeding,No adverse effects have been found on breast-fed infants whose mothers were receiving cefotaxime,R014,
W071,A010,Pregnancy & Lactation,Breastfeeding,No adverse effects have been found on breast-fed infants whose mothers were receiving cefotaxime,R014,
W072,A015,Contraindication,Co-administration,"Due to theoretical possibility of ergotism, azithromycin and ergot derivatives should not be co-administered.",R039,
W073,A015,Age Restriction,Pediatric Use,Safety and efficacy for the prevention or treatment of Mycobacterium avium complex in children have not been established. ,R039,
W074,A030,Contraindication,Hypersensitivity,"Comazole is contraindicated in patients with marked liver parenchymal damage. It is also contraindicated in patients with severe renal insufficiency when repeated determinations of the plasma concentration cannot be made. Except in rare circumstances Comazole should not be given to patient with serious haematological disorders. The combination has occasionally been administered to patients receiving cytotoxic agents for the treatment of leukemias, without evidence of any adverse effect on the bone marrow or peripheral blood. Comazole should not be administered to patients with a history of hypersensitivity to sulphonamides or trimethoprim. Comazole is contraindicated in G6PD (Glucose-6-phosphate dehydrogenase
deficiency). Treatment must be immediately discontinued on the appearance of a skin rash or any element of blood count reduced.",R031,
W075,A015,Patient Condition,Neurological and pyschiatric disorders,Azithromycin should be used with caution in patients with neurological and psychiartric disorders.,R039,
W076,A030,Age Restriction,Pediatric Use,Comazole should not be given to premature and newborn infants during the first week of life.,R031,
W077,A030,Pregnancy & Lactation,Pregnancy,"Comazole is contraindicated during pregnancy. If pregnancy cannot be excluded, possible risks should be balanced against the expected therapeutic effect. Comazole should not be given during pregnancy especially in late pregnancy because of risk of kernicterus.",R031,
W078,A030,Pregnancy & Lactation,Lactation,"Despite the excretion of trimethoprim and sulphamethoxazole into breast milk, the administration of comazole to lactating women represents a negligible risk to the suckling infants. It also should be used with caution in nursing
mothers because it can pass the placenta and is excreted in breast milk and may cause kernicterus.",R031,
W079,A031,Age Restriction,Pediatric Use,Comazole should not be given to premature and newborn infants during the first week of life.,R031,
W080,A031,Pregnancy & Lactation,Pregnancy,"Comazole is contraindicated during pregnancy. If pregnancy cannot be excluded, possible risks should be balanced against the expected therapeutic effect. Comazole should not be given during pregnancy especially in late pregnancy because of risk of kernicterus.",R031,
W081,A031,Pregnancy & Lactation,Breastfeeding,"Despite the excretion of trimethoprim and sulphamethoxazole into breast milk, the administration of comazole to lactating women represents a negligible risk to the suckling infants. It also should be used with caution in nursing
mothers because it can pass the placenta and is excreted in breast milk and may cause kernicterus.",R031,
W082,A031,Contraindication,Hypersensitivity,"Comazole is contraindicated in patients with marked liver parenchymal damage. It is also contraindicated in patients with severe renal insufficiency when repeated determinations of the plasma concentration cannot be made. Except in rare circumstances Comazole should not be given to patient with serious haematological disorders. The combination has occasionally been administered to patients receiving cytotoxic agents for the treatment of leukemias, without evidence of any adverse effect on the bone marrow or peripheral blood. Comazole should not be administered to patients with a history of hypersensitivity to sulphonamides or trimethoprim. Comazole is contraindicated in G6PD (Glucose-6-phosphate dehydrogenase
deficiency). Treatment must be immediately discontinued on the appearance of a skin rash or any element of blood count reduced.",R031,
W083,A032,Contraindication,Hypersensitivity to Cephalosporins,"Cefumax should be used with care in patients with hypersensitivity to penicillin.
In the clinical and laboratory tests, cross-allergenicity between penicillin and cephalosporin was ascertained although there were rare cases of patients who have demonstrated allergic reactions to both of these 2 drugs.
Some cases of anaphylactic shock were reported especially following the parenteral administration.
During pregnancy and children <3 months, cefumax should be used in cases of absolute necessity and under direct medical control.",R032,
W084,A033,Precaution,"
Clostridium difficile-Associated Diarrhea (CDAD)","Clostridium difficile-associated diarrhea (CDAD) has been reported with use nearly all antibacterial agents, including cefuroxime axetil, and may range in severity from mild diarrhea to fatal colitis. Treatment with antibacterial agents alters the normal flora of the colon leading to overgrowth of C. difficile.
Clostridium difficile produces toxins A and B which contribute to the development of CDAD. Hypertoxin producing strains of C. difficile cause increased morbidity and mortality, as these infections can be refractory to antimicrobial therapy and may require colectomy. Clostridium difficile must be considered in all patients who present with diarrhea following antibiotic use. Careful medical history is necessary since CDAD has been reported to occur over 2 months after the administration of antibacterial agents.
If CDAD is suspected or confirmed, ongoing antibiotic use not directed against C. difficile may need to be discontinued. Appropriate fluid and electrolyte management, protein supplementation, antibiotic treatment of C. difficile and surgical evaluation should be instituted as clinically indicated.",R032,
W085,A016,Contraindication,Hypersensitivity,"Should not be given to patients with a history of hypersensitivity to β-lactam antibiotics (e.g., penicillins, cephalosporins).",R015,
W086,A016,Patient Condition,Infectious Mononucleosis,Should be avoided if infectious mononucleosis is suspected due to risk of morbilliform rash.,R015,
W087,A016,Patient Condition,Pseudomembranous Colitis,Antibiotic use may cause mild to life-threatening pseudomembranous colitis. Discontinue if prolonged or significant diarrhea or abdominal cramps occur.,R015,
W088,A016,Patient Condition,Renal Impairment,Dosage adjustment required in patients with renal impairment.,R015,
W089,A016,Patient Condition,Concurrent Anticoagulant Use,May prolong prothrombin time (INR). Monitor INR and adjust anticoagulant dose if prescribed concurrently.,R015,
W090,A016,Pregnancy & Lactation,Pregnancy,The safety of use in human pregnancy has not been established by well-controlled studies in pregnant women. May be used in pregnancy when the potential benefits outweigh the potential risks associated with treatment.,R015,
W091,A016,Pregnancy & Lactation,Lactation,May be used during lactation except for risk of sensitization from trace amounts in breast milk.,R015,
W092,A016,Overdosage,Gastrointestinal Effects,"May cause nausea, vomiting, diarrhea, and electrolyte imbalance. Treat symptomatically.",R015,
W093,A016,Overdosage,Crystalluria & Renal Risk,"High doses may cause crystalluria, potentially leading to renal failure. Maintain adequate fluid intake.",R015,
W094,A016,Overdosage,Hemodialysis,Can be removed from circulation by hemodialysis.,R015,
W095,A017,Patient Condition,Phenylketonuria,Contains aspartame (source of phenylalanine). Use with caution in patients with phenylketonuria.,R015,
W096,A017,Patient Condition,Sugar Intolerance,May contain sorbitol. Caution in patients with sugar intolerance.,R015,
W097,A017,Patient Condition,Newborn Jaundice Risk,"Contains sodium benzoate which is a mild irritant to the skin, eyes and mucus membrane. It may increase risk of jaundice in newborn babies",R015,
W098,A017,Age Restriction,Newborns & Infants,Use with caution in newborns due to risk of jaundice from sodium benzoate.,R015,
W099,A015,Patient Condition,Renal Impairment,33% increase in systemic exposure in severe renal impairment (GFR <10 mL/min),R039,
W100,A015,Patient Condition,Cardiovascular events,"Use with caution in patients with ongoing proarrthymic conditions (especially women and elderly patients) such as: congenital or documented QT prolongation; patients currently receiving treatment with other substances that prolong QT interval, such as antiarrythmics of classes IA (quinidine and procainamide) and class III (dofelitide, amiodarone, and sotalol), cisparide and terfenadine; antipsychotic agents such as pimozide; antidepressants such as citalopram; fluoroquinolones such as moxiflaxin and levoflaxin; patients with electrolyte disturbance, particularly in cases of hypokalaemia and hypomagnesaemia; patients with bradycardia, cardiac arrhythmia or severe cardiac insufficiency.",R039,
W101,A015,Patient Condition,Myasthenia gravis,Exacerbations of the symptoms of myasthenia gravis and new onset of myasthenia syndrome have been reported in patients receiving azithromycin therapy,R039,
W102,A015,Age Restriction,Infantile hypertrophic pyloric stenosis (IHPS),"Following the use of azithromycin in neonates (treatment up to 42 days of life), infantile hypertrophic pyloric stenosis (IHPS) has been reported. Parents and caregiviers should contact physician if vomiting/irritability occurs.",R039,
W103,A030,Overdosage,Gastronintestinal Effects,"Nausea, vomiting, dizziness and confusion are likely symptoms of overdosage. ",R031,
W107,A034,Patient Condition,"Severe Hepatic, Hematologic, and Renal Impairment","Sulfamethoxazole/trimethoprim is contraindicated in patients with a history of drug-induced immune thrombocytopenia with use of trimethoprim and/or sulfonamides and in patients showing marked hepatic damage, blood dyscrasias
or with severe renal insufficiency, where repeated measurements of the plasma concentrations cannot be performed.",R035,
W108,A034,Contraindication,Hypersensitivity,It should not be given to patients with known hypersensitivity to trimethoprim or sulfonamides or with documented megaloblastic anaemia secondary to folate deficiency.,R035,
W109,A034,Age Restriction,Premature & Newborn Infants,"Premature babies and newborn babies during the first eight weeks of life should
not be given sulfamethoxazole/trimethoprim, as sulfamethoxazole may interfere
with the serum albumin binding of bilirubin to produce kernicterus.",R035,
W110,A034,Contraindication,Streptococcal Pharyngitis Treatment,Treatment of streptococcal pharyngitis.,R035,
W111,A034,Contraindication,Concomitant Dofetilide Use,Concomitant administration with dofetilide.,R035,
W112,A034,Pregnancy & Lactation,Pregnancy,"Sulfonamides may cause kernicterus in babies during the first month of life by displacing bilirubin from plasma albumin. Sulfonamides should therefore be avoided as far as possible during the last month of pregnancy. Trimethoprim may interfere with folic acid metabolism and animal experiments have shown that administration of very high doses of trimethoprim during organ development may give rise to birth defects typical of folic acid antagonism. If a trimethoprim-sulfonamide combination is given during pregnancy, folic acid supplementation may be required. Because trimethoprim and sulfamethoxazole may interfere with folic acid metabolism, DBL Sulfamethoxazole 400 mg and Trimethoprim 80 mg should be used during pregnancy only if the potential benefit justifies the potential risk to the fetus.",R035,
W113,A034,Pregnancy & Lactation,Breastfeeding,"Although the quantity of sulfamethoxazole/trimethoprim ingested by a breast-fed infant is small, caution should be exercised when DBL Sulfamethoxazole 400 mg and Trimethoprim 80 mg is administered to a nursing woman, especially when breastfeeding jaundiced, ill, stressed, or premature infants because of the potential risk of bilirubin displacement and kernicterus, and it is recommended that the age of the infant be considered and the possible risks be balanced against the expected therapeutic effect.",R035,
W114,A034,Overdosage,"Gastrointestinal, Neurologic, and Hematologic Effects","Include anorexia, colic, nausea, vomiting, dizziness, headache, drowsiness, and unconsciousness. Pyrexia, haematuria, and crystalluria may be noted. Blood dyscrasias and jaundice are potential late manifestations of overdosage. Signs of acute overdosage with trimethoprim include nausea, vomiting, dizziness, headache, mental depression, confusion, and bone marrow depression.",R035,
W115,A034,Contraindication,Fatal Reactions,"Fatalities associated with the administration of sulphonamides and trimethoprim, either alone or in combination, although rare, have occurred due to severe reactions, including Stevens-Johnson syndrome, toxic epidermal necrolysis, fulminant hepatic necrosis, agranulocytosis, aplastic anaemia, other blood dyscrasias, acute and delayed lung injury, hypersensitivity of the respiratory tract, circulatory shock and other reactions.",R035,
W116,A018,Pregnancy & Lactation,Safe in Pregnancy; Caution in Nursing,Administered to pregnant women without evidence of fetal harm; use with caution in breastfeeding mothers because it is distributed into milk and may sensitize infants.,R017,
W117,A018,Age Restriction,Neonates and Infants < 3 Months,Specifically dosed at 20-30 mg/kg body weight/day in divided doses every 12 hours.,R017,
W119,A018,Overdosage,Low Toxicity Symptoms,"May cause nausea, vomiting, diarrhea, crystalluria, and allergic manifestations. Symptomatic treatment is required for almost all patients. Problems are unlikely if adequate fluid intake and urinary output are maintained; however crystalluria and hemorrhagic cystitis are possible.",R017,
W120,A018,Contraindication,Hypersensitivity,Hypersensitivity to penicillins and to any ingredient in the products. Patients with infectious mononucleosis due to possible development of rash during therapy.,R017,
W121,A019,Pregnancy & Lactation,Safe for Mother; Monitor Baby,Administered to pregnant women without evidence of fetal harm; use with caution in breastfeeding mothers because it is distributed into milk and may sensitize infants.,R017,
W122,A019,Age Restriction,Infants > 3 Months & Children < 40 kg,Dosed at 25-50 mg/kg body weight/day in divided doses every 8 or 12 hours.,R017,
W124,A019,Overdosage,Toxicity Management,"May cause nausea, vomiting, diarrhea, crystalluria, and allergic manifestations. Symptomatic treatment is required for almost all patients. Problems are unlikely if adequate fluid intake and urinary output are maintained; however crystalluria and hemorrhagic cystitis are possible.",R017,
W125,A019,Contraindication,Penicillin Sensitivity,Hypersensitivity to penicillins and to any ingredient in the products. Patients with infectious mononucleosis due to possible development of rash during therapy.,R017,
W126,A020,Pregnancy & Lactation,Pregnancy Category B,"Safety not definitely established, but used for UTIs without evidence of fetal harm. Distributed into human milk and may lead to sensitization of the infant; use with caution when breastfeeding",R016,
W127,A020,Age Restriction,"Neonates, Infants, and Elderly","Neonates and young infants have incompletely developed renal function, delaying drug elimination. Elderly patients should have doses selected with care due to likely decreased renal function",R016,
W128,A020,Patient Condition,Renal and Hypersensitivity Precautions,"Dose adjustment required based on the degree of renal impairment. Long-term use may result in the overgrowth of non-susceptible organisms, including fungi",R016,
W129,A020,Overdosage,Toxicity and Renal Risk,"Symptoms include allergic reactions, nausea, vomiting, and diarrhea. High doses may cause crystalluria, potentially leading to renal failure, which is generally reversible upon cessation",R016,
W130,A020,Contraindication,Hypersensitivity and Mononucleosis,Prohibited for patients with a known hypersensitivity to penicillins or cephalosporins. Forbidden for patients with infectious mononucleosis due to the high risk of a maculopapular rash,R016,
W131,A035,Contraindication,Hypersensitivity,Cefuroxime (as Axetil) products are contraindicated in patients with known allergy to the cephalosporin group of antibiotics.,R047,
W132,A035,Patient Condition,Renal Impairment,"Because cefuroxime is eliminated primarily by the kidney, a dosage interval adjustment is required for patients whose creatinine clearance is 30 mL/min",R047,
W133,A035,Overdosage,Cerebral Irritation,Overdosage of cephalosporins can cause cerebral irritation leading to convulsions or encephalopathy. Serum levels of cefuroxime can be reduced by hemodialysis and peritoneal dialysis.,R047,
W134,A035,Contraindication,Hypersensitivity,Strictly prohibited for patients with a history of hypersensitivity to penicillins or any ingredient in the product.,R047,
W135,A035,Pregnancy & Lactation,Safe for Mother; Monitor Baby,No evidence of fetal harm; distributed into breast milk.,R047,
W136,A035,Age Restriction,Infants > 3 Months & Children < 40 kg,Dosed at 25-50 mg/kg/day in divided doses every 8 or 12 hours.,R047,
W137,A035,Patient Condition,Precautions for Chronic Illness,"Caution in renal failure, lymphatic leukemia, and mononucleosis (rash risk).",R047,
W138,A021,Pregnancy & Lactation,Embryotoxicity & Milk Distribution,Should not be used in pregnant women unless no alternative is appropriate; high doses are associated with embryotoxicity in animals. Detected in breast milk; exercise caution when nursing.,R018,
W139,A021,Age Restriction,Elderly Risk,Elderly patients are at higher risk for colchicine toxicity.,R018,
W140,A021,Patient Condition,Renal/Hepatic Impairment & Colitis,Use with caution and consider dose reductions in severe renal or hepatic impairment. Consider a diagnosis of pseudomembranous colitis in patients who develop diarrhea.,R018,
W141,A021,Overdosage,Gastrointestinal Symptoms & Supportive Care,"Overdose causes abdominal pain, vomiting, nausea, and diarrhea. Treat with prompt elimination of unabsorbed drug and supportive measures.",R018,
W142,A021,Contraindication,Hypersensitivity & Drug Blocks,"Prohibited for patients with known hypersensitivity to macrolides. Concurrent use with astemizole, cisapride, or terfenadine is strictly forbidden.",R018,
W143,A001,Contraindication,Hypersensitivity,Hypersensitivity to any of the tetracyclines.,R011,
W144,A001,Pregnancy & Lactation,Lactation,Tetracyclines are excreted in breast milk. A dosage of 2g/day for 3 days has achieved a milk plasma ratio of 0.6 to 0.8.,R011,
W145,A001,Pregnancy & Lactation,Pregnancy,"Category D. do not use tetracycline during pregnancy. Tetracyclines readily cross the placenta, are found in fetal tissues and can have toxic effects on the developing fetus (retardation of skeletal development). Evidence of embryotoxicity has also been noted in animals treated early in pregnancy.",R011,
W146,A001,Age Restriction,Pediatric Use,Do not use in children aged 8 years and below because of the effect of tetracyclines in teeth (permanent discoloration and possibly enamel hypoplasia) and bone.,R011,
W147,A002,Contraindication,Hypersensitivity,This drug is contraindicated in persons who have shown hypersensitivity to any of the tetracyclines.,R012,
W148,A002,Age Restriction,Pediatric Use,"The use of drugs of the tetracycline class during tooth development (last half of pregnancy, infancy and childhood to the age of 8 years) may cause permanent discoloration of the teeth (yellow-gray-brown).",R012,
W149,A002,Age Restriction,Pediatric Use,"Use doxycycline in pediatric patients 8 years of age or less only when the potential benefits are expected to outweigh the risks in severe or life-threatening conditions (e.g., anthrax, Rocky Mountain spotted fever), particularly when there are no alternative therapies.",R012,
W150,A002,Patient Condition,Risk of Severe Diarrhea (C. difficile Infection),"Clostridium difficile associated diarrhea (CDAD) has been reported with use of nearly all antibacterial agents, including Doxycycline, and may range in severity from mild diarrhea to fatal colitis.",R012,
W151,A002,Patient Condition,Skin Reactions,"Severe skin reactions, such as exfoliative dermatitis, erythema multiforme, Steven-Johnson syndrome, toxic epidermal necrolysis, and drug reaction with eosinophilia and systemic symptoms (DRESS) have veen reported in patients receiving doxycycline.",R012,
W152,A023,Overdosage,Gastrointestinal and Mental Effects,"Symptoms include abdominal pain, nausea, vomiting, and diarrhea. High doses (8g) may cause altered mental status and paranoid behavior.",R019,
W153,A023,Contraindication,Allergic Reactions and Dangerous Combinations,Contraindicated for patients with known hypersensitivity to macrolides or history of cholestatic jaundice/hepatic dysfunction.,R019,
W154,A024,Pregnancy & Lactation,Safety Not Established,"Use is not advised without carefully weighing benefits against risk, as adverse embryo-fetal development effects cannot be excluded. The safety of Clarithromycin for using breast-feeding of infants has not been established. Clarithromycin is excreted into human breast milk.",R020,
W155,A024,Age Restriction,Not for Children <12,Indicated for adults and children 12 years and older. It is not recommended for children younger than 12 years; they should use the paediatric suspension instead.,R020,
W156,A024,Patient Condition,Renal and Hepatic Impairment,Caution is advised in patients with severe renal insufficiency or impaired hepatic function. Fatal hepatic failure has been reported in some cases.,R020,
W157,A024,Overdosage,Gastrointestinal and Mental Effects,"Large amounts produce GI symptoms. A patient ingesting 8 grams showed altered mental status, paranoid behaviour, hypokalemia, and hypoxemia.",R020,
W158,A024,Contraindication,Dangerous Combinations,"Contraindicated for patients with hypersensitivity to macrolides, a history of QT prolongation, ventricular cardiac arrhythmia, or those taking drugs like oral midazolam, astemizole, cisapride, pimozide, terfenadine, ergot alkaloids, ticagrelor, or ranolazine.",R020,
W159,A037,Pregnancy & Lactation,Pregnancy,Embryotoxicity has also been noted in animals treated early in pregnancy.,R054,
W160,A037,Age Restriction,Lactation,Tetracyclines are excreted in breast milk. A dosage of 2g/day for 3 days has achieved a milk plasma ratio of 0.6 to 0.8.,R054,
W161,A037,Patient Condition,Pediatric Use,Do not use in children aged 8 years and below because of the effect of tetracyclines in teeth (permanent discoloration and possibly enamel hypoplasia) and bone.,R054,
W162,A037,Overdosage,Gastrointestinal and Mental Effects,"Symptoms include abdominal pain, nausea, vomiting, and diarrhea. High doses (8g) may cause altered mental status and paranoid behavior.",R054,
W163,A037,Contraindication,Allergic Reactions and Dangerous Combinations,"Contraindicated for patients with known hypersensitivity to macrolides or history of drug-induced hepatic dysfunction. Also contraindicated with drugs like cisapride, simvastatin, or lovastatin.",R054,
W164,A037,Pregnancy & Lactation,Safety Not Established,"Use is not advised without carefully weighing benefits against risk, as adverse embryo-fetal development effects cannot be excluded. Clarithromycin is excreted into human breast milk.",R054,
W165,A037,Age Restriction,Not for Children <12,Indicated for adults and children 12 years and older. It is not recommended for children younger than 12 years; they should use the paediatric suspension instead.,R054,
W166,A037,Patient Condition,Renal and Hepatic Impairment,Caution is advised in patients with severe renal insufficiency or impaired hepatic function. Fatal hepatic failure has been reported in some cases.,R054,
W167,A037,Overdosage,Gastrointestinal and Mental Effects,"Large amounts produce GI symptoms. A patient ingesting 8 grams showed altered mental status, paranoid behaviour, hypokalemia, and hypoxemia.",R054,
W168,A037,Contraindication,Dangerous Combinations,"Contraindicated for patients with hypersensitivity to macrolides, a history of QT prolongation, or those taking drugs like cisapride, pimozide, ergot alkaloids, ticagrelor, or ranolazine.",R054,
W169,A015,Patient Condition,Cross Resistance,Not recommended for infections caused by erythromycin-resistant Gram-positive bacteria or MRSA (Methicillin-resistant Staphylococcus aureus). Consider local resistance patterns before use.,R039,
W170,A014,Patient Condition,Arrythmia Risk,May cause QT prolongation leading to Torsade de Pointes. Use with caution in at-risk patients.,R038,
W171,A002,Patient Condition,Intracranial Hypertension (Pseudotumor Cerebri),"Intracranial hypertension (IH, pseudotumor cerebri) has been assciated with the use of tetracyclines including Doxycycline. Clinical manifestations of IH include headache, blurred vision, diplopia, and vision loss; papilledema can be found on fundoscopy. Women of childbearing age who are overweight or have history of IH are at greater risk for developing tetracycline associated IH.",R012,
W172,A002,Pregnancy & Lactation,Tetracycline Use in Pregnancy,"If any tetracycline is used during pregnancy or if the patient becomes pregnant while taking this drug, the patient should be apprised of the potential hazard to the fetus.",R012,
W173,A002,Patient Condition,Photosensitivity,"Photosensitivity manifested by an exaggerated sunburn has been observed in some individuals taking tetracyclines. Patients apt to be exposed to direct sunlight or ultraviolet light should be advised that this reaction can occur with tetracycline drugs, and treatment should be discontinued at the first evidence of skin erythema.",R012,
W174,A002,Overdosage,Overdose Treatment Guidance,"In case of overdosage, discontinue medication, treat symptomatically and institute supportive measures. Dialysis does not alter serum half-life and thus would not be of benefit in treating cases of overdosage.",R012,
W175,A003,Overdosage,Overdose Treatment Guidance,"In case of overdosage, discontinue medication. Treat symptomatically and institute supportive measures. Dialysis does not alter serum half-life and thus would not be of benefit in treating cases of overdosage.",R013,
W176,A003,Contraindication,Hypersensitivity,The drug is contraindicated in patients who have shown hypersensitivity to any of the tetracyclines.,R013,
W177,A003,Age Restriction,Pediatric Use,"The use of drugs of the tetracycline class during tooth development (last half of pregnancy, infancy and childhood to the age of 8 years) may cause permanent discoloration of the teeth (yellow-gray-brown). This adverse reaction is more common during long term use of the drugs but has been observed following repeated short-term courses. Enamel hypoplasia has also been reported. Tetracycline drugs, therefore, should not be used in this age group unless other drugs are not likely to be effective or as contraindicated.",R013,
W178,A004,Patient Condition,Maintained Hydration,"Although levofloxacin is more soluble than other quinolones, adequate hydration of patients receiving levofloxacin should be maintained to prevent the formation of highly concentrated urine.",R008,
W179,A004,Patient Condition,Caution to People with CNS disorder,"As with other quinolones, levofloxacin should be used with caution in patients with a known or suspected central nervous system (CNS) disorder that may predispose them to seizures or lower the seizure threshold (e.g., severe cerebral arteriosclerosis, epilepsy) or in the presence of other risk factors that may predispose them to seizures or lower the seizure threshold (e.g., certain drug therapy, renal dysfunction).",R008,
W180,A004,Patient Condition,"Pain, Inflamation or Rupture of a tendon","Levofloxacin should be discontinued if the patient experiences pain, inflammation or rupture of a tendon. Patients should rest and refrain from exercise until the diagnosis of tendonitis or tendon rupture has been confidently excluded. Tendon rupture can occur during or after therapy with quinolones, including levofloxacin.",R008,
W181,A004,Patient Condition,Neuropathy Symptoms,"Levofloxacin should be discontinued if the patient experiences symptoms of neuropathy including pain, burning, tingling, numbness and/or weakness or other alterations of sensation including light touch, pain, temperature position sense and vibratory sensation in order to prevent the development of an irreversible condition.",R008,
W182,A004,Patient Condition,QT interval,"Levofloxacin should be avoided in patients with known prolongation of the QT interval, patients with uncorrected hypokalemia and patients receiving class IA (quinidine, procainamide) or class III (amiodarone, sotalol) antiarrhythmic agents. Elderly patients may be more susceptible to drug-associated effects on the QT interval.",R008,
W183,A004,Patient Condition,Abscence of Suspected Bacterial Infection,Prescribing levofloxacin in the absence of a proven or strongly suspected bacterial infection or a prophylactic indication is unlikely to provide benefit to the patient and increases the risk of the development of drug-resistant bacteria.,R008,
W184,A005,Contraindication,Multivalent  Cations,"No fluoroquinolone should be co-administered with any solution containing multivalent cations, e.g., magnesium, through the same intravenous.",R008,
W185,A005,Patient Condition,Patients predisposed to seizures,"Quinolones, should be used with extreme caution in patients predisposed to seizures, such as patients with pre-existing central nervous system lesions, concomitant treatment with fenbufen and similar non-steroidal anti-inflammatory drugs or with drugs which lower the cerebral seizure threshold, such as theophylline. Patients with G-6-phosphate dehydrogenase deficiency: Patients with latent or actual defects in glucose-6-phosphate dehydrogenase activity may be prone to hemolytic reactions when treated with quinolone antibacterial agents, and so levofloxacin should be used with caution.",R008,
W186,A005,Patient Condition,Patients with renal impairment,"Since Levofloxacin is excreted mainly by the kidneys, the dose of Levofloxacin should be adjusted in patients with renal impairment.",R008,
W187,A005,Patient Condition,Prevention of photosensitisation,"Although photosensitisation is very rare with levofloxacin,
it is recommended that patients should not expose themselves unnecessarily to strong sunlight or to artificial UV rays (e.g., sunray lamp, solarium), in order to prevent
photosensitisation.",R008,
W188,A005,Patient Condition,Patients treated with Vitamin K antagonists,"Due to possible increase in coagulation tests (PT/INR) and/or bleeding in patients treated with levofloxacin in combination with a vitamin K antagonist (e.g., warfarin), coagulation tests should be monitored when these drugs are given concomitantly.",R008,
W189,A005,Patient Condition,Psychotic reactions,Caution is recommended if levofloxacin is to be used in psychotic patients or in patients with history of psychiatric disease.,R008,
W190,A005,Patient Condition,QT interval prolongation,"Caution should be taken when using fluoroquinolones, including levofloxacin, in patients with known risk factors for prolongation of the QT interval such as, for example: congenital long QT syndrome; concomitant use of drugs that are known to prolong the QT interval (e.g., Class IA and III antiarrhythmics, tricyclic antidepressants, macrolides); uncorrected electrolyte imbalance (e.g., hypokalemia, hypomagnesemia); elderly: cardiac disease (e.g.. heart failure, myocardial infarction, bradycardia).",R008,
W191,A005,Pregnancy & Lactation,Renal insufficiency,"Levofloxacin should be administered with caution in the presence of renal insufficiency. Careful clinical observation and appropriate laboratory studies should be performed prior to and during therapy since elimination of levofloxacin may be reduced. In patients with impaired renal function (creatinine clearance<50 mL/min), adjustment of dose regimen is necessary to avoid the accumulation of levofloxacin due to decreased clearance.",R008,
W192,A004,Pregnancy & Lactation,Use in Pregnancy,Levofloxacin should be used during pregnancy only if the potential benefit justifies the potential risk to the fetus.,R008,
W193,A005,Pregnancy & Lactation,Use in Pregnancy,Levofloxacin should be used during pregnancy only if the potential benefit justifies the potential risk to the fetus.,R008,
W194,A004,Pregnancy & Lactation,Use in Lactation,"Based upon data from ofloxacin, it can be presumed that levofloxacin will be excreted in human milk. Because of the potential for serious adverse reactions from levofloxacin in nursing infants, nursing should not be undertaken by mothers who must use levofloxacin.",R008,
W195,A005,Pregnancy & Lactation,Use in Lactation,"Based upon data from ofloxacin, it can be presumed that levofloxacin will be excreted in human milk. Because of the potential for serious adverse reactions from levofloxacin in nursing infants, nursing should not be undertaken by mothers who must use levofloxacin.",R008,
W196,A006,Patient Condition,QT Interval,"Levofloxacin should be avoided in patients with known prolongation of the QT interval, patients with uncorrected electrolyte imbalance (e.g., hypokalemia and
hypomagnesemia) patients with cardiac disease (e.g., heart failure, myocardial infarction and bradycardia), and in patients receiving drugs that are known to prolong the QT interval such as Class IA (quinidine, procainamide), or Class III (amiodarone, sotalol) antiarrhythmic agents, tricyclic antidepressants, macrolides and antipsychotics.",R009,
W197,A006,Age Restriction,QT Interval,Elderly patients and women may be more susceptible to drug-associated effects on the QT interval.,R009,
W198,A007,Age Restriction,Use in children,"Quinolones, including levofloxacin, cause arthropathy and osteochondrosis in juvenile animals of several species. Levofloxacin is indicated in pediatric patients ≥6 months old, for inhalational anthrax (post- exposure) and for the treatment of plague, including pneumonic and septicemic plague due to Yersinia pestis and prophylaxis for plague. The risk-benefit assessment indicates that administration of levofloxacin to pediatric patients is appropriate. Safety and effectiveness in pediatric patients <6 months old have not been established.",R009,
W199,A007,Age Restriction,Use in Elderely,"No dosage adjustment is necessary for elderly patients with normal renal function. However, since levofloxacin is excreted by the kidneys and some elderly patients experience age-related reduction in renal function, care should be taken in dose selection and renal function monitoring is recommended. Elderly patients are at increased risk of developing severe tendon disorders including tendon rupture, or prolonged QT interval leading to ventricular arrhythmias when being treated with a fluoroquinolone such as levofloxacin",R009,
W200,A006,Pregnancy & Lactation,Pregnancy,The drug should not be used in pregnant women unless the potential benefits justify the potential risks to the fetus,R009,
W201,A007,Pregnancy & Lactation,Pregnancy,The drug should not be used in pregnant women unless the potential benefits justify the potential risks to the fetus,R009,
W202,A006,Pregnancy & Lactation,Lactation,"Levofloxacin has not been measured in human milk. However, based on the ofloxacin data, it can be presumed that levofloxacin will be excreted in human milk. Therefore, a decision should be made whether to discontinue breastfeeding or to discontinue the drug, taking into account the importance of the drug to the mother as well as the possible serious adverse effects to the infant.",R009,
W203,A007,Pregnancy & Lactation,Lactation,"Levofloxacin has not been measured in human milk. However, based on the ofloxacin data, it can be presumed that levofloxacin will be excreted in human milk. Therefore, a decision should be made whether to discontinue breastfeeding or to discontinue the drug, taking into account the importance of the drug to the mother as well as the possible serious adverse effects to the infant.",R009,
W204,A008,Age Restriction,QT Interval,"Elderly patients may be more susceptible to drug-associated effects on the QT interval. Therefore, precaution should be taken when using levofloxacin with concomitant drugs that can result in prolongation of the QT interval (e.g. class IA or class III antiarrhythmic) or in patients with risk factors for Torsades de pointes (e.g. known QT prolongation, uncorrected hypokalemia).",R010,
W205,A038,Contraindication,Hypersensitivity,Ciprofloxacin must not be used in cases of hypersensitivity to Ciproflaxin or other quinolone chemotherapeutics,R091,
W206,A038,Age Restriction,Children and Adolescents,"Ciprofloxacin must not be administered to children and adolescents, since there is no experience on the drug's safety in these patient groups; On the basis of animal studies, it is not entirely improbable that the drug could cause damage to articular cartilage in the immature organism.",R091,
W207,A038,Pregnancy & Lactation,Pregnant Women and Nursing Mothers,"Ciprofloxacin must not be administered to pregnant women or nursing mothers, since there is no experience on the drug's safety in these patient groups; On the basis of animal studies, it is not entirely improbable that the drug could cause damage to articular cartilage in the immature organism; Animal studies have also not yet yielded any evidence of teratogenic effects (malformations)",R091,
W208,A039,Contraindication,Hypersensitivity,Patients must not take when they have hypersensitivity to ciprofloxacin and other quinolone antibiotics,R092,
W209,A040,Contraindication,Hypersensitivity,Patients must not take when they have hypersensitivity to ciprofloxacin and other quinolone antibiotics,R092,
W210,A039,Pregnancy & Lactation,Nursing Mothers,"Ciprofloxacin is excreted in human milk; The amount of ciprofloxacin absorbed by the infant is unknown; Due to potential serious adverse reactions to infants nursing from mothers taking ciprofloxacin, a decision should be made whether to discontinue nursing or to discontinue the drug, depending on the importance of the drug to the mother.",R092,
W211,A040,Pregnancy & Lactation,Nursing Mothers,"Ciprofloxacin is excreted in human milk; The amount of ciprofloxacin absorbed by the infant is unknown; Due to potential serious adverse reactions to infants nursing from mothers taking ciprofloxacin, a decision should be made whether to discontinue nursing or to discontinue the drug, depending on the importance of the drug to the mother.",R092,
W212,A039,Overdosage,Acute Overdosage,"In the event of acute overdosage, reversible renal toxicity has been reported in some cases; Make sure to monitor renal (kidney) function and administer magnesium- or calcium-containing antacids which reduce absorption of ciprofloxacin.",R092,
W213,A040,Overdosage,Acute Overdosage,"In the event of acute overdosage, reversible renal toxicity has been reported in some cases; Make sure to monitor renal (kidney) function and administer magnesium- or calcium-containing antacids which reduce absorption of ciprofloxacin.",R092,
W214,A041,Patient Condition,"Tendon pain, inflammation, rupture","If tendon pain, inflammation or rupture occurs, treatment with ciprofloxacin should be discontinued",R093,
W215,A041,Age Restriction,Children and Adolescents,Do not take ciprofloxacin if you are a child or an adolescent. Ciprofloxacin was reported to cause arthralgia and degenerative changes in joints that bear weight in young animals.,R093,
W216,A041,Pregnancy & Lactation,Pregnant and Nursing Mothers,Use it with caution if you are pregnant or a lactating mother.; Ciprofloxacin is excreted in breast milk; Ciprofloxacin was reported to cause arthralgia and degenerative changes in joints that bear weight in young animals.,R093,
W217,A041,Patient Condition,"Epileptic, history of Central Nervous System (CNS) disorders, myastenia gravis and glucose-6-phosphate dehydrogenase deficiency","Caution should be taken when giving ciprofloxacin to epileptic patients and to those with history of Central Nervous System (CNS) disorders, myasthenia gravis and glucose-6-phosphate dehydrogenase deficiency.; Ciprofloxacin may exacerbate or unmask symptoms of myasthenia gravis.",R093,
W218,A038,Patient Condition,"Epileptic, history of Central Nervous System (CNS) disorders","In epileptics and in patients who have suffered from previous CNS disorders (e.g. lowered convulsion threshold, previous history of convulsion, reduced cerebral blood flow, altered brain structure or stroke), Ciprofloxacin should only be used where the benefits of treatment exceed the risks, since these patients are endangered because of possible central nervous side effects.",R091,
W219,A041,Patient Condition,Patients with alkaline urine,The risk of crystalluria is high in patients with alkaline urine,R093,
W220,A041,Patient Condition,Renal Impairment,Ciprofloxacin should be used with caution in patients with impaired renal function,R093,
W221,A041,Patient Condition,Hepatic Impairment,Ciprofloxacin should be used with caution in patients with severe hepatic impairment where peak plasma concentration and serum half life may be increased.,R093,
W222,A041,Age Restriction,Elderly,Dose of ciprofloxacin should be reduced in the elderly as increased bioavailability and reduced renal clearance were seen probably due to absorption or first pass elimination,R093,
W223,A041,Age Restriction,Elderly Laboratory Results,"In elderly patients treated with ciprofloxacin or urinary tract infeactions, a false postiive reaction for urinary glucose (pseudoglycosuria) has been reported.",R093,
W224,A046,Contraindication,Hypersensitivity,Should not be used if patient has a history of allergy or hypersensitivity to cephalosporins,R133,
W225,A047,Contraindication,Hypersensitivity,Should not be used if patient has a history of allergy or hypersensitivity to cephalosporins,R133,
W226,A042,Contraindication,Hypersensitivity,Hypersensitivity to cefixime or other cephalosporins.,R127,
W227,A042,Contraindication,Hypersensitivity,Hypersensitivity to penicillins.,R127,
W228,A042,Contraindication,Allergy,History of allergy.,R127,
W229,A042,Overdosage,Avoidance,Avoid prolonged use.,R127,
W230,A043,Contraindication,Hypersensitivity,Hypersensitivity to cefixime or other cephalosporins.,R127,
W231,A043,Contraindication,Hypersensitivity,Hypersensitivity to penicillins.,R127,
W232,A043,Contraindication,Allergy,History of allergy.,R127,
W233,A043,Overdosage,Avoidance,Avoid prolonged use.,R127,
W234,A044,Contraindication,Hypersensitivity,"Careful inquiry should be made prior to cefixime therapy to determine whether the patient has had previous hypersensitivity reactions to cephalosporins, penicillins or other drugs.",R128,
W235,A044,Patient Condition,Hemolytic Anemia,Cefixime should not be used in patients with a history of cephalosporin-associated hemolytic anemia since the recurrence of hemolysis is much more severe.,R128,
W236,A044,Age Restriction,Use in Children,"The safety and efficacy of cefixime in children less than six (6) months old have not been established. The incidence of GI adverse reactions such as diarrhea and loose stools, in children receiving cefixime suspension, was comparable to the incidence seen in adults receiving cefixime tablets.",R128,
W237,A044,Age Restriction,Use in Elderly,"Elderly patients are more likely to have decreased renal function, therefore, care should be taken in dose selection and renal function should be monitored.",R128,
W238,A045,Contraindication,Hypersensitivity,Hypersensitivity to other cephalosporins or penicillins.,R128,
W239,A045,Patient Condition,Colitis,"As with other broad-spectrum antibiotics, cefixime should be given with caution in individuals with a history of colitis",R128,
W240,A045,Patient Condition,Gastrointestinal Malabsorption,The safety and efficacy of cefixime have not been established in patients with gastrointestinal malabsorption.,R129,
W241,A045,Patient Condition,Antibotic Resistance,Prescribing cefixime in the absence of a proven or strongly suspected bacterial infection or a prophylactic indication is unlikely to provide benefit to the patient and increases the risk of antibiotic resistance.,R129,
W242,A045,Patient Condition,Overgrowth of non-susceptible,"As with other antibacterial drugs, long term or repeated use may result in overgrowth of non- susceptible organisms, including fungi.",R129,
W243,A045,Pregnancy & Lactation,Pregnancy,"Reproduction studies performed in mice and rats up to 400 times the human dose have not revealed evidence of harm to the fetus. There are no adequate and well-controlled studies in pregnant women, and the drug should be used during pregnancy only when clearly needed.",R129,
W244,A045,Pregnancy & Lactation,Lactation,It is not known whether cefixime is excreted in human milk. Consideration should be given to discontinuing breastfeeding temporarily during treatment with cefixime.,R129,
W245,A046,Contraindication,Hypersensitivity,Should not be given to Penicillin-allergic patients,R133,
W246,A047,Contraindication,Hypersensitivity,Should not be given to Penicillin-allergic patients,R133,
W247,A047,Contraindication,Hypersensitivity,Should not be given to patient with history of allergy and hypersensitivity to cephalosporins,R133,
W249,A050,Patient Condition,Kidney Disease Warning,"Should not be used if kidneys are not workingas well as they should be. If there is a concern about the health of the kidneys, the healthcare provider may do tests to determine if the kidneys are working well enough to take this medicine.",R157,
W250,A050,Pregnancy & Lactation,Late Pregnancy Warning,"Avoid use near delivery (38-42 weeks gestation, during labour and delivery, or when the onset of labour is imminent)",R158,
W251,A050,Age Restriction,Infants Under 1 Month,Should not be used in babies under 1 month of age.,R157,
W252,A050,Contraindication,Renal Impairement,"Should not be taken if the patient has renal impairment (including anuria, oliguria, eGFR <45 mL/min or CrCl <60 mL, or clinically significant elevated serum creatinine); history of cholestatic jaundice or hepatic dysfunction associated with previous nitrofurantoin use.",R158,
W253,A050,Overdosage,Overdose Risk,"May cause gastric irritation, nausea, and vomiting. Induce emesis or perform gastric lavage. Haemodialysis may be performed. Maintain high fluid intake to promote urinary excretion.",R158,
W254,A050,Contraindication,Hypersensitivity,"Do not use if you are allergic to nitrofurantoin or any of its ingredients. May cause serious allergic reactions like swelling, rash, itching, trouble breathing, or dizziness. Seek medical help immediately if these occur.",R157,
W255,A051,Contraindication,Hypersensitivity,"May cause allergic reactions, which can be serious. Stop using nitrofurantoin and get help right away if any of the following symptoms of a serious allergic reaction: Breathing problems or wheezing, racing heart, fever or general ill feeling, swollen lymph nodes, swelling of the face, lips, mouth, tongue, or throat, trouble swallowing or throat tightness, itching, skin rash, or pale red bumps on the skin called hives, nausea or vomiting, or dizziness, feeling lightheaded , or fainting",R160,
W256,A051,Patient Condition,Kidney Problems,Avoid Macrobid if your kidneys are not working well; poor kidney function can make the medicine less effective and increase side effects.,R160,
W257,A051,Pregnancy & Lactation,Late Pregnancy Use,Do not take Macrobid in the last 2-4 weeks of pregnancy.,R161,
W258,A051,Age Restriction,Newborn Use,Macrobid should not be used in babies under 1 month old.,R161,
W259,A051,Overdosage,Over Use,"Taking too much can cause severe nausea, vomiting, stomach pain, or other serious health problems; seek medical help immediately.",R160,
W260,A051,Patient Condition,Current and Past Health Conditions,"Notify healthcare provider if a patient have current and past health conditions in any of the following: kidnet or liver problems, history of anemia, history of diabetes, electrolyte imbalance, history of low levels of vitamin B, or Glucose-6-phosphate dehydrogenase (G6PD) deficiency",R160,
W261,A052,Patient Condition,G6PD Deficiency,People with G6PD deficiency are at risk for hemolytic anemia from furadantin exposure,"R163
R164",
W262,A052,Pregnancy & Lactation,Do not use near term or in infants under 1 month,"pregnant patients at term (38 weeks to 42 weeks gestation), during labor and delivery, or when the onset of labor is imminent and in pediatric patients younger than 1 month of age because of the possibility of hemolytic anemia due to immature erythrocyte enzyme systems (glutathione instability)",R163,
W263,A052,Age Restriction,Pediatric Restriction,Children under 1 month should not take this drug.,R163,
W264,A052,Patient Condition,Renal Impairment,"patients who have anuria, oliguria, or significant impairment of renal function (creatinine clearance under 60 mL per minute or clinically significant elevated serum creatinine) due to an increased risk of toxicity resulting from impaired excretion of the drug",R163,
W265,A052,Patient Condition,History of Liver Problems,Notify healthcare provider if patient developed liver problems before due to furadantin (nitrofurantoin oral suspension) intake,R164,
W266,A052,Overdosage,Acute Overdose,"Incidents of acute overdosage of FURADANTIN have resulted in symptoms such as vomiting. Induction of emesis is recommended. There is no specific antidote, but a high fluid intake should be maintained to promote urinary excretion of the drug. Nitrofurantoin is dialyzable.",R163,
W267,A052,Contraindication,Hypersensitivity,"Allergic to Furadantin (nitrofurantoin oral suspension); any part of Furadantin (nitrofurantoin oral suspension); or any other drugs, foods, or substances.",R164,
W268,A053,Contraindication,Hypersensitivity,"Do not use Nitrofurantoin  if the patient has a known allergy to this medicine. Taking it again may cause serious allergic reactions such as skin rash, swelling, breathing difficulty, or other harmful effects.",R165,
W269,A053,Contraindication,Anuria or Oliguria,"This medicine should not be used in patients who are not producing urine (anuria) or producing very little urine (oliguria). Because the drug is removed through the urine, it will not work properly and may build up in the body, increasing the risk of side effects.",R165,
W270,A053,Contraindication,Hepatitis,Patients with hepatitis should not use this medicine.,R165,
W271,A053,Pregnancy & Lactation,Pregnancy at Term,Nitrofurantoin should not be used during pregnancy (labor and delivery).,R165,
W272,A053,Pregnancy & Lactation,Lactation,"Nitrofurantoin passes into breastmilk in very small amounts. Caution should be used when giving this medicine to breastfeeding mothers, and the infant should be observed for any unusual symptoms.",R165,
W273,A053,Age Restriction,Infants Under 1 Month,This medicine should not be given to infants younger than 1 month old. ,R165,
W274,A053,Patient Condition,Elderly ,Elderly patients using this medicine for a long time should have their liver and lung function checked regularly. Older adults may be more sensitive to possible side effects affecting the lungs of liver.,R165,
W275,A053,Patient Condition,"Pre-Existing Pulmonary, Hepatic, Neurological, or Allergic Disorders","Patients who already have lung, liver, nerve, or allergic conditions should use this medicine with caution. These existing problems may increase the risk of serious side effects.",R165,
W276,A053,Patient Condition,Risk of Peripheral Neuropathy,Withdraw if signs of peripheral neuropathy occur.,R165,
W277,A053,Overdosage,Excess Intake,"Taking more than the prescribed dose may increase the risk of side effects such as nausea, vomiting, or other harmful reactions. Immediate medical attention is needed in case of suspected overdose.",R165,
W278,A036,Contraindication,Sulfite-Related Allergic and Anaphylactic Reactions,"Sodium metabisulfite contains a sulfite that may cause allergic type reactions,
including anaphylactic symptoms and life threatening or less severe asthmatic
episode in certain susceptible persons.",R166,
W279,A036,Contraindication,Hypersensitivity,"Cotrimoxazole should not be given to patients with history of sensitivity to it or to
sulphonamide or trimethoprim.",R166,
W280,A036,Contraindication,Foliate Deficiency,"Cotrimoxazole should not be given to patients with actual or possible folate
deficiency.",R166,
W281,A036,Age Restriction,Infants,"No adverse effects have been seen in breast-fed infants whose mothers were
taking cotrimoxazole, and the last available guidance from the American
Academy of Pediatrics considered that it was therefore usually compatible with
breast feeding.",R166,
W282,A036,Pregnancy & Lactation,Breastfeeding and Infants,"No adverse effects have been seen in breast-fed infants whose mothers were
taking cotrimoxazole, and the last available guidance from the American
Academy of Pediatrics considered that it was therefore usually compatible with
breast feeding.",R166,